2013-10-29,08-04-YS-07,許智傑,debate,．就閣員對馬英九總統的滿意度提出質詢。．就電價調整問題提出質詢。．就高鐵票價調整問題提出質詢。．就十二年國教問題提出質詢。．就技職教育發展問題提出質詢。．就臺灣上、中、下層的經濟戰略佈局提出質詢。．就柯建銘總召監聽案提出質詢。．就自由經濟貿易示範區問題提出質詢。．就服貿協議問題提出質詢。．就食品安全問題提出質詢。．就洪仲丘案及蔡學良案的調查結果提出質詢。,
2013-10-29,08-04-YS-07,薛凌,debate,．就美國牛肉含瘦肉精的問題提出質詢。．就陽明山七七行館問題提出質詢。．就課稅問題提出質詢。．就經濟發展和經濟政策提出質詢。．就中央銀行小金庫的問題提出質詢。,
2013-10-29,08-04-YS-07,江啟臣,debate,．就食品安全問題提出質詢。．就行政院任務小組的問題提出質詢。．就經濟政策問題提出質詢。．就稅制活化問題提出質詢。．就加薪問題提出質詢。．就中華民國憲法制度改革問題提出質詢。,
2013-10-29,08-04-YS-07,陳學聖,debate,．就太極門官司及復興航空官司何時解決提出質詢。．就中壢第一市場改建的問題提出質詢。．就大統、富味鄉回收油處理問題提出質詢。．就黃色小鴨的問題提出質詢。,
2013-10-29,08-04-YS-07,陳碧涵,debate,．就推動公民美感教育提出質詢。．就族群平等問題提出質詢。．就本土教育問題提出質詢。．就軍事教育改革問題提出質詢。．就國際攬才問題提出質詢。．就推動證照法制化提出質詢。,
2013-10-29,08-04-YS-07,林淑芬;葉宜津,debate,．就食品安全問題提出質詢。．就4g競標問題提出質詢。．就勞退舊制及勞動檢查問題提出質詢。．林淑芬委員書面質詢。,
2013-10-29,08-04-YS-07,陳其邁,debate,．就食品安全問題提出質詢。．就濫權監聽的問題提出質詢。,
2013-10-29,08-04-YS-07,馬文君,debate,．就不合法的集會所和活動中心合法化問題提出質詢。．就國土復育和保安問題提出質詢。．就農業縣市人口萎縮的問題提出質詢。．就國防部採購光放管的問題提出質詢。．就食品安全問題提出質詢。,
2013-10-29,08-04-YS-07,徐少萍,debate,．就國家信心問題提出質詢。．就食品安全問題提出質詢。．就攔鞋網的問題提出質詢。．就基隆港軍用戰備鐵路廢除的問題提出質詢。．就八斗子漁港問題提出質詢。．就閒置營舍處理問題提出質詢。,
2013-10-29,08-04-YS-07,蔡正元,debate,．就食品安全的問題提出質詢。．就威力纖是不是藥品的問題提出質詢。．就臺灣跟大陸簽蘭嶼核廢料密約擱置不履約的問題提出質詢。．就景點收費太便宜問題提出質詢。,
2013-10-29,08-04-YS-07,楊瓊瓔,debate,．就食品安全問題提出質詢。．就農藥使用泛濫問題提出質詢。．就政府有無圖利財團的問題提出質詢。．就貧富差距的問題提出質詢。．就自由經濟示範區問題提出質詢。,
2013-10-25,08-04-YS-07,孔文吉,debate,．就兩岸關係問題提出質詢。．就國際關係問題提出質詢。．就原住民關係問題提出質詢。．就地方制度法的問題提出質詢。．就原住民地區道路橋樑的問題提出質詢。,
2013-10-25,08-04-YS-07,費鴻泰,debate,．就大統假油事件問題提出質詢。．就自由經濟示範區特別條例的問題提出質詢。,
2013-10-25,08-04-YS-07,林郁方,debate,．就大二膽島開放觀光的問題提出質詢。．就太平島的問題提出質詢。．就捷運萬大線問題提出質詢。．就國軍與復興航空官司一再上訴的問題提出質詢。．就f-16升等案問題提出質詢。,
2013-10-25,08-04-YS-07,許添財,debate,．就食品安全問題提出質詢。．就網路資訊時代台灣金融何去何從問題提出質詢。,
2013-10-25,08-04-YS-07,蔡煌瑯,debate,．就食品安全問題提出質詢。．就經濟預測與保證的問題提出質詢。,
2013-10-25,08-04-YS-07,林國正,debate,．就高鐵票價調漲的問題提出質詢。．就大林蒲遷村的問題提出質詢。,
2013-10-25,08-04-YS-07,呂學樟,debate,．就三個最爛三級機關的問題提出質詢。．就監聽國會的問題提出質詢。．就黑心食品的問題提出質詢。,
2013-10-25,08-04-YS-07,楊麗環,debate,．就愛台十二建設的問題提出質詢。．就內閣官員的問題提出質詢。．就食品衛生管理問題提出質詢。．就大陸旅遊法上路後台灣觀光問題提出質詢。．就自由貿易港區問題提出質詢。．就桃園交通建設的問題提出質詢。．就二代健保的問題提出質詢。,
2013-10-25,08-04-YS-07,管碧玲,debate,．就食品安全問題提出質詢。．就預售屋課徵奢侈稅的問題提出質詢。．就監聽問題提出質詢。,
2013-10-25,08-04-YS-07,陳明文,debate,．就9月政爭江院長始終不道歉問題提出質詢。．就兩岸關係問題提出質詢。．就縮短城鄉差距問題提出質詢。,
2013-10-22,08-04-YS-06,陳亭妃,debate,．就食品安全問題提出質詢。．就特偵組監聽案問題提出質詢。．就監聽情治首長問題提出質詢。,
2013-10-22,08-04-YS-06,鄭天財,debate,．就加速落實原住民族相關法案問題提出質詢。．就原住民族地區共星共碟計畫的問題提出質詢。．就平地鄉原住民部落教會使用公有土地的問題提出質詢。．就原住民族自來水供水普及率的問題提出質詢。．就原住民族博物館問題提出質詢。,
2013-10-22,08-04-YS-06,李貴敏,debate,．就經濟民生事務不容片刻空轉問題提出質詢。．就透過法令規定與相關機制保護台灣廠商的問題提出質詢。．就如何強化產業發展的問題提出質詢。．就大統油品可能用在學校營養午餐的問題提出質詢。,
2013-10-22,08-04-YS-06,林岱樺,debate,．就國家財政問題提出質詢。．就六都與非六都資源排擠的問題提出質詢。,
2013-10-22,08-04-YS-06,段宜康,debate,．就司法關說案問題提出質詢。,
2013-10-22,08-04-YS-06,盧秀燕,debate,．就大統油品事件及gmp標章制度問題提出質詢。,
2013-10-22,08-04-YS-06,孫大千,debate,．就食品安全及gmp、cas、haccp標章的問題提出質詢。．就保險業監理問題提出質詢。．就一綱多本的問題提出質詢。,
2013-10-22,08-04-YS-06,陳根德,debate,．就夏立言先生將擔任國防部副部長的問題提出質詢。．就兩岸關係問題提出質詢。．就自由經濟島問題提出質詢。．就行政院組織改造之後，中央人事費用不減反增的問題提出質詢。,
2013-10-22,08-04-YS-06,姚文智,debate,．就所謂的關說案問題提出質詢。．就食品衛生安全問題提出質詢。,
2013-10-22,08-04-YS-06,蘇震清,debate,．就夏立言接任國防部副部長問題提出質詢。．就拚經濟問題提出質詢。．就高鐵延伸到屏東的問題提出質詢。,
2013-10-22,08-04-YS-06,王育敏,debate,．就食品安全及認證標章的問題提出質詢。．就奶粉漲價的問題提出質詢。,
2013-10-22,08-04-YS-06,陳淑慧,debate,．就教育部政次陳益興去職問題提出質詢。．就拚經濟問題提出質詢。．就財政改革問題提出質詢。．就教育經費使用的問題提出質詢。．就勞委會職訓局推出名師高徒計畫的問題提出質詢。,
2013-10-22,08-04-YS-06,羅明才,debate,．就食品安全問題提出質詢。．就調降電信資費問題提出質詢。．就拚經濟的問題提出質詢。．就103年歲入歲出差短的問題提出質詢。．就地方建設問題提出質詢。．補充書面質詢。,
2013-10-18,08-04-YS-06,柯建銘,debate,．江院長破壞憲政體制的問題。．特務治國的問題。．監聽國會的問題。,
2013-10-18,08-04-YS-06,許忠信,debate,．就監聽問題提出質詢。．就電價調漲問題提出質詢。．就企業減稅補貼問題提出質詢。．就開放中資來臺投資半導體、面板、led問題提出質詢。．就財政問題提出質詢。,
2013-10-18,08-04-YS-06,蔣乃辛,debate,．就食品安全衛生管理問題提出質詢。．就經濟問題提出質詢。,
2013-10-18,08-04-YS-06,高志鵬,debate,．就9月政爭提出質詢。．就監聽浮濫問題提出質詢。．就電價調整問題提出質詢。,
2013-10-18,08-04-YS-06,廖正井,debate,．就特偵組監聽問題提出質詢。．就臺灣薪資倒退問題提出質詢。．就自由經濟島問題提出質詢。,
2013-10-18,08-04-YS-06,吳秉叡,debate,．就9月政爭問題提出質詢。．就監聽問題提出質詢。．就大埔強拆民宅逼死人命問題提出質詢。,
2013-10-18,08-04-YS-06,江惠貞,debate,．就食品安全問題提出質詢。．就汐止捷運問題提出質詢。．就公共建設問題提出質詢。．就新北市與臺北市自來水問題提出質詢。．就長照制度問題提出質詢。,
2013-10-18,08-04-YS-06,林滄敏,debate,．就電價漲價問題提出質詢。．就開發綠能問題提出質詢。．就村里長自強活動費用被刪問題提出質詢。．就不肖經理人坑殺政府基金問題提出質詢。,
2013-10-18,08-04-YS-06,林滄敏,debate,102/06/14 立法院第8屆第3會期第1次臨時會第1次會議,
2013-10-18,08-04-YS-06,行政院院長江宜樺報告,report,行政院院長提出推動十二年國民基本教育政策專案報告並備質詢。,http://lis.ly.gov.tw/lgcgi/lypdftxt?10204601;0007;0013
2013-10-18,08-04-YS-06,林正二,debate,對行政院院長提出推動十二年國民基本教育政策專案報告進行質詢。,http://lis.ly.gov.tw/lgcgi/lypdftxt?10204601;0013;0016
2013-10-18,08-04-YS-06,黃文玲,debate,對行政院院長提出推動十二年國民基本教育政策專案報告進行質詢。,http://lis.ly.gov.tw/lgcgi/lypdftxt?10204601;0016;0020
2013-10-18,08-04-YS-06,李俊俋,debate,對行政院院長提出推動十二年國民基本教育政策專案報告進行質詢。,http://lis.ly.gov.tw/lgcgi/lypdftxt?10204601;0020;0027
2013-10-18,08-04-YS-06,楊瓊瓔,debate,對行政院院長提出推動十二年國民基本教育政策專案報告進行質詢。,http://lis.ly.gov.tw/lgcgi/lypdftxt?10204601;0027;0031
2013-10-18,08-04-YS-06,陳怡潔,debate,對行政院院長提出推動十二年國民基本教育政策專案報告進行質詢。,http://lis.ly.gov.tw/lgcgi/lypdftxt?10204601;0031;0038
2013-10-18,08-04-YS-06,林世嘉,debate,對行政院院長提出推動十二年國民基本教育政策專案報告進行質詢。,http://lis.ly.gov.tw/lgcgi/lypdftxt?10204601;0038;0044
2013-10-18,08-04-YS-06,陳亭妃,debate,對行政院院長提出推動十二年國民基本教育政策專案報告進行質詢。,http://lis.ly.gov.tw/lgcgi/lypdftxt?10204601;0044;0048
2013-10-18,08-04-YS-06,陳碧涵,debate,對行政院院長提出推動十二年國民基本教育政策專案報告進行質詢。,http://lis.ly.gov.tw/lgcgi/lypdftxt?10204601;0048;0052
2013-10-18,08-04-YS-06,李桐豪,debate,對行政院院長提出推動十二年國民基本教育政策專案報告進行質詢。,http://lis.ly.gov.tw/lgcgi/lypdftxt?10204601;0052;0055
2013-10-18,08-04-YS-06,許忠信,debate,對行政院院長提出推動十二年國民基本教育政策專案報告進行質詢。,http://lis.ly.gov.tw/lgcgi/lypdftxt?10204601;0056;0059
2013-10-18,08-04-YS-06,邱志偉,debate,對行政院院長提出推動十二年國民基本教育政策專案報告進行質詢。,http://lis.ly.gov.tw/lgcgi/lypdftxt?10204601;0059;0064
2013-10-18,08-04-YS-06,鄭天財,debate,對行政院院長提出推動十二年國民基本教育政策專案報告進行質詢。,http://lis.ly.gov.tw/lgcgi/lypdftxt?10204601;0064;0067
2013-10-18,08-04-YS-06,林佳龍,debate,對行政院院長提出推動十二年國民基本教育政策專案報告進行質詢。,http://lis.ly.gov.tw/lgcgi/lypdftxt?10204601;0067;0073
2013-10-18,08-04-YS-06,徐欣瑩,debate,對行政院院長提出推動十二年國民基本教育政策專案報告進行質詢。,http://lis.ly.gov.tw/lgcgi/lypdftxt?10204601;0073;0077
2013-10-18,08-04-YS-06,何欣純,debate,對行政院院長提出推動十二年國民基本教育政策專案報告進行質詢。,http://lis.ly.gov.tw/lgcgi/lypdftxt?10204601;0077;0081
2013-10-18,08-04-YS-06,陳學聖,debate,對行政院院長提出推動十二年國民基本教育政策專案報告進行質詢。,http://lis.ly.gov.tw/lgcgi/lypdftxt?10204601;0081;0085
2013-10-18,08-04-YS-06,林岱樺,debate,對行政院院長提出推動十二年國民基本教育政策專案報告進行質詢。,http://lis.ly.gov.tw/lgcgi/lypdftxt?10204601;0085;0088
2013-10-18,08-04-YS-06,王育敏,debate,對行政院院長提出推動十二年國民基本教育政策專案報告進行質詢。,http://lis.ly.gov.tw/lgcgi/lypdftxt?10204601;0088;0092
2013-10-18,08-04-YS-06,王育敏,debate,鄭汝芬委員書面質詢,
2013-10-18,08-04-YS-06,王育敏,debate,對行政院院長提出推動十二年國民基本教育政策專案報告進行質詢。,http://lis.ly.gov.tw/lgcgi/lypdftxt?10204601;0092;0093
2013-10-18,08-04-YS-06,王育敏,debate,黃昭順委員書面質詢,
2013-10-18,08-04-YS-06,王育敏,debate,對行政院院長提出推動十二年國民基本教育政策專案報告進行質詢。,http://lis.ly.gov.tw/lgcgi/lypdftxt?10204601;0093;0096
2013-04-09,08-03-YS-07,蔡正元,debate,．就清明假期國道塞車問題提出質詢。．就核廢料處理問題提出質詢。．就ncc的反媒體壟斷法案提出質詢。,http://lis.ly.gov.tw/lgcgi/lypdftxt?10201501;0021;0026
2013-04-09,08-03-YS-07,葉宜津,debate,．就2g執照延長問題提出質詢。．就h7n9禽流感防疫問題提出質詢。．就政府組織改造問題提出質詢。．就新式車牌問題提出質詢。．就國登營造公司一再得標重大工程問題提出質詢。．就核廢料問題提出質詢。．就北韓飛彈威脅對台有何影響提出質詢。,http://lis.ly.gov.tw/lgcgi/lypdftxt?10201501;0026;0034
2013-04-09,08-03-YS-07,蘇震清,debate,．就自由經濟示範區問題提出質詢。．就屏東交通建設問題提出質詢。,http://lis.ly.gov.tw/lgcgi/lypdftxt?10201501;0034;0038
2013-04-09,08-03-YS-07,陳根德,debate,．就自由經濟示範區問題提出質詢。．就勞動安全檢查制度提出質詢。,http://lis.ly.gov.tw/lgcgi/lypdftxt?10201501;0038;0041
2013-04-09,08-03-YS-07,陳根德,debate,吳育昇委員質詢（一）,
2013-04-09,08-03-YS-07,陳根德,debate,．就興建淡江大橋問題提出質詢。．就機場捷運工程問題提出質詢。,http://lis.ly.gov.tw/lgcgi/lypdftxt?10201501;0041;0045
2013-04-09,08-03-YS-07,張嘉郡,debate,．就清明假期高速公路嚴重堵塞問題提出質詢。．就高鐵問題提出質詢。．就雲林縣交通建設問題提出質詢。．就五楊高架工程問題提出質詢。,http://lis.ly.gov.tw/lgcgi/lypdftxt?10201501;0045;0048
2013-04-09,08-03-YS-07,紀國棟,debate,．就振興棒球問題提出質詢。．就陳水扁案如何處理提出質詢。．就公務人員福利刪減問題提出質詢。,http://lis.ly.gov.tw/lgcgi/lypdftxt?10201501;0064;0067
2013-04-09,08-03-YS-07,呂學樟,debate,．就政府組織改造問題提出質詢。．就陳水扁保外就醫問題提出質詢。,http://lis.ly.gov.tw/lgcgi/lypdftxt?10201501;0067;0070
2013-04-09,08-03-YS-07,陳唐山,debate,．就陳水扁案的司法正義問題提出質詢。,http://lis.ly.gov.tw/lgcgi/lypdftxt?10201501;0070;0076
2013-04-09,08-03-YS-07,楊曜,debate,．就照顧弱勢漁民問題提出質詢。．就澎湖離島加給應比照金門馬祖提出質詢。,http://lis.ly.gov.tw/lgcgi/lypdftxt?10201501;0076;0078
2013-04-09,08-03-YS-07,楊曜,debate,吳育昇委員質詢（二）,
2013-04-09,08-03-YS-07,楊曜,debate,．就北韓飛彈威脅下我僑民關照問題提出質詢。．就年金制度改革問題提出質詢。．就死刑執行問題提出質詢。,http://lis.ly.gov.tw/lgcgi/lypdftxt?10201501;0078;0082
2013-04-09,08-03-YS-07,魏明谷,debate,．就北韓飛彈威脅下我國防應變問題提出質詢。．就逃逸外勞的人權問題提出質詢。．就h7n9禽流感防疫問題提出質詢。,http://lis.ly.gov.tw/lgcgi/lypdftxt?10201501;0083;0085
2013-04-09,08-03-YS-07,陳節如,debate,．就社會福利預算問題提出質詢。．就馬祖觀光賭場問題提出質詢。,http://lis.ly.gov.tw/lgcgi/lypdftxt?10201501;0085;0093
2013-04-09,08-03-YS-07,吳育仁,debate,．就北韓飛彈威脅下我護僑問題提出質詢。．就h7n9禽流感防疫問題提出質詢。．就勞保年金改革問題提出質詢。．就責任制工時問題提出質詢。．就社會對話的問題提出質詢。,http://lis.ly.gov.tw/lgcgi/lypdftxt?10201501;0093;0096
2013-04-09,08-03-YS-07,林鴻池,debate,書面質詢：．一、醫學中心議題。．二、二代健保保費議題。．三、重症醫療網。．四、社區安寧照護議題。．五、政府雲議題。．六、幸福保衛站議題。．七、社福政策。．八、調降法定工時。,http://lis.ly.gov.tw/lgcgi/lypdftxt?10201501;0096;0105
2013-04-09,08-03-YS-07,王育敏,debate,．就h7n9禽流感防疫問題提出質詢。．就少子化和人口政策問題提出質詢。．就育兒家庭的住宅政策問題提出質詢。．就社會企業問題提出質詢。,http://lis.ly.gov.tw/lgcgi/lypdftxt?10201501;0105;0112
2013-04-09,08-03-YS-07,江啟臣,debate,．就h7n9禽流感防疫問題提出質詢。．就菸害防治法禁菸範圍問題提出質詢。,http://lis.ly.gov.tw/lgcgi/lypdftxt?10201501;0112;0116
2013-04-09,08-03-YS-07,林淑芬,debate,書面質詢：．就勞保年金制度問題提出質詢。,http://lis.ly.gov.tw/lgcgi/lypdftxt?10201501;0116;0119
2013-04-09,08-03-YS-07,楊玉欣,debate,．就江院長如何建構富而好禮新社會提出質詢。．就身心障礙者全人發展藍圖提出質詢。．就公務人員創新機制問題提出質詢。,http://lis.ly.gov.tw/lgcgi/lypdftxt?10201501;0119;0123
2013-04-09,08-03-YS-07,陳怡潔,debate,．就大學學費上漲問題提出質詢。．就維護青年權益問題提出質詢。,http://lis.ly.gov.tw/lgcgi/lypdftxt?10201501;0123;0132
2013-04-09,08-03-YS-07,陳怡潔,debate,行政院院長江宜樺講話,
2013-04-09,08-03-YS-07,陳怡潔,debate,(,http://lis.ly.gov.tw/lgcgi/lypdftxt?10201501;0132;0133
2013-04-02,08-03-YS-06,呂學樟,debate,．就核四問題提出質詢。．就故宮文物失蹤及門票調漲問題提出質詢。,http://lis.ly.gov.tw/lgcgi/lypdftxt?10201201;0121;0124
2013-04-02,08-03-YS-06,鄭天財,debate,．就原住民教育問題提出質詢。．就興建原住民族博物館提出質詢。,http://lis.ly.gov.tw/lgcgi/lypdftxt?10201201;0124;0126
2013-04-02,08-03-YS-06,林正二,debate,．就簽署聯合國原住民族權利宣言問題提出質詢。．就設置原住民族教育研究所問題提出質詢。．就設置原住民族專責教育單位問題提出質詢。．就原住民師資培育及醫生養成問題提出質詢。．就原住民學生升學優待辦法問題提出質詢。,http://lis.ly.gov.tw/lgcgi/lypdftxt?10201201;0126;0130
2013-04-02,08-03-YS-06,陳淑慧,debate,．就基本工資調漲問題提出質詢。．就高學歷高失業率問題提出質詢。．就技職教育發展問題提出質詢。,http://lis.ly.gov.tw/lgcgi/lypdftxt?10201201;0130;0135
2013-04-02,08-03-YS-06,陳碧涵,debate,．就教育文化預算問題提出質詢。．就技職教育發展問題提出質詢。．就高職全面免學雜費及實習實驗費問題提出質詢。．就設置客家數位藝術展演中心問題提出質詢。,http://lis.ly.gov.tw/lgcgi/lypdftxt?10201201;0135;0140
2013-04-02,08-03-YS-06,王惠美,debate,．就文化補助經費問題提出質詢。．就建教合作問題提出質詢。．就國中、小學有機蔬菜供食問題提出質詢。,http://lis.ly.gov.tw/lgcgi/lypdftxt?10201201;0140;0144
2013-04-02,08-03-YS-06,陳學聖,debate,．就台北市堅持要辦pisa測驗問題提出質詢。．就設置攝影博物館問題提出質詢。．就金馬影展經費問題提出質詢。,http://lis.ly.gov.tw/lgcgi/lypdftxt?10201201;0144;0151
2013-04-02,08-03-YS-06,陳雪生,debate,．就博弈問題提出質詢。．就馬祖交通問題提出質詢。,http://lis.ly.gov.tw/lgcgi/lypdftxt?10201201;0174;0177
2013-04-02,08-03-YS-06,段宜康;吳秉叡,debate,．就機場捷運工程問題提出質詢。．就交通建設施工延宕問題提出質詢。．就國道一號五楊段拓寬工程問題提出質詢。．就新莊副都心重劃區內興建國家電影文化中心問題提出質詢。,http://lis.ly.gov.tw/lgcgi/lypdftxt?10201201;0177;0183
2013-04-02,08-03-YS-06,李慶華,debate,．就h7n9禽流感防疫問題提出質詢。．就官員、民代貪污弊案提出質詢。．就交通建設問題提出質詢。,http://lis.ly.gov.tw/lgcgi/lypdftxt?10201201;0183;0186
2013-04-02,08-03-YS-06,王廷升,debate,．就花蓮火車站升為特等站問題提出質詢。．就花東快速道路問題提出質詢。．就104年在花蓮舉辦臺灣燈會問題提出質詢。,http://lis.ly.gov.tw/lgcgi/lypdftxt?10201201;0186;0189
2013-04-02,08-03-YS-06,李鴻鈞,debate,．就新莊聯合辦公大樓部會進駐問題提出質詢。．就機場捷運工程問題提出質詢。．就高鐵票價調漲問題提出質詢。．就松山機場問題提出質詢。．就台8甲線道路交通安全問題提出質詢。．就媒體新聞報導問題提出質詢。．就核四公投問題提出質詢。,http://lis.ly.gov.tw/lgcgi/lypdftxt?10201201;0189;0194
2013-04-02,08-03-YS-06,張慶忠,debate,書面質詢：一、金門大橋工程問題。二、國道收費問題。三、大陸人民來台旅遊優質行程推動問題。,http://lis.ly.gov.tw/lgcgi/lypdftxt?10201201;0194;0197
2013-04-02,08-03-YS-06,顏寬恆,debate,．就核四公投問題提出質詢。．就訂媽祖昇天紀念日問題提出質詢。．就臺中港特定區解編問題提出質詢。．就降低汽機車駕照報名規費問題提出質詢。．就鼓勵資深駕駛自願放棄駕照問題提出質詢。．就交通建設問題提出質詢。,http://lis.ly.gov.tw/lgcgi/lypdftxt?10201201;0197;0202
2013-04-02,08-03-YS-06,管碧玲,debate,．就高鐵漲價問題提出質詢。．就核四問題提出質詢。,http://lis.ly.gov.tw/lgcgi/lypdftxt?10201201;0202;0205
2013-04-02,08-03-YS-06,羅明才,debate,．就核四問題提出質詢。．就兩岸直航票價太貴問題提出質詢。．就油、電、水、氣及高鐵價格調漲問題提出質詢。．就重大建設延宕問題提出質詢。．就自由經濟示範區問題提出質詢。．就開放陸客在臺灣直接使用人民幣問題提出質詢。．就新店交通問題提出質詢。．書面質詢。,http://lis.ly.gov.tw/lgcgi/lypdftxt?10201201;0205;0212
2013-04-02,08-03-YS-06,謝國樑,debate,．就基隆建設問題提出質詢。．就基隆北五堵地區重新規劃問題提出質詢。,http://lis.ly.gov.tw/lgcgi/lypdftxt?10201201;0212;0215
2013-03-29,08-03-YS-06,盧秀燕,debate,．就政府核四公投文宣問題提出質詢。．就奶粉漲價問題提出質詢。．就兒童版內閣介紹網站問題提出質詢。,http://lis.ly.gov.tw/lgcgi/lypdftxt?10201201;0038;0041
2013-03-29,08-03-YS-06,林國正,debate,．就核四安全問題提出質詢。,http://lis.ly.gov.tw/lgcgi/lypdftxt?10201201;0041;0047
2013-03-29,08-03-YS-06,許智傑,debate,．就核四安全問題提出質詢。．就馬英九總統團隊涉貪問題提出質詢。,http://lis.ly.gov.tw/lgcgi/lypdftxt?10201201;0047;0051
2013-03-29,08-03-YS-06,陳亭妃,debate,．就賴素如涉及貪瀆弊案問題提出質詢。．就核四問題提出質詢。．就自由經濟示範區問題提出質詢。,http://lis.ly.gov.tw/lgcgi/lypdftxt?10201201;0051;0056
2013-03-29,08-03-YS-06,姚文智,debate,．就核四問題提出質詢。．就李朝卿縣長復職的問題提出質詢。．就社子島開發問題提出質詢。．就推動再生能源問題提出質詢。,http://lis.ly.gov.tw/lgcgi/lypdftxt?10201201;0057;0061
2013-03-29,08-03-YS-06,林淑芬,debate,．就核四公投問題提出質詢。．就自由經濟示範區問題提出質詢。,http://lis.ly.gov.tw/lgcgi/lypdftxt?10201201;0061;0065
2013-03-29,08-03-YS-06,蔡煌瑯,debate,．就核四公投問題提出質詢。．就廬山溫泉區飯店遷移問題提出質詢。．就加入tpp問題提出質詢。,http://lis.ly.gov.tw/lgcgi/lypdftxt?10201201;0065  0073
2013-03-29,08-03-YS-06,鄭麗君,debate,．就核四公投問題提出質詢。,http://lis.ly.gov.tw/lgcgi/lypdftxt?10201201;0073;0083
2013-03-29,08-03-YS-06,陳雪生;楊曜;楊應雄,debate,．就離島航空票價問題提出質詢。．就離島軍事占有土地還地於民問題提出質詢。．就離島醫療改善問題提出質詢。．就離島建設基金問題提出質詢。．就離島經建政策問題提出質詢。．就離島人力斷層問題提出質詢。,http://lis.ly.gov.tw/lgcgi/lypdftxt?10201201;0083;0093
2013-03-29,08-03-YS-06,黃文玲,debate,．就自由經濟示範區問題提出質詢。,http://lis.ly.gov.tw/lgcgi/lypdftxt?10201201;0093;0098
2013-03-29,08-03-YS-06,許忠信,debate,．就自由經濟示範區問題提出質詢。,http://lis.ly.gov.tw/lgcgi/lypdftxt?10201201;0098;0103
2013-03-29,08-03-YS-06,蔡正元,debate,．就台北市法定空地都更案問題提出質詢。,http://lis.ly.gov.tw/lgcgi/lypdftxt?10201201;0103;0107
2013-03-29,08-03-YS-06,曾巨威,debate,．就核四問題提出質詢。．就年金改革問題提出質詢。．就租稅改革問題提出質詢。,http://lis.ly.gov.tw/lgcgi/lypdftxt?10201201;0107;0114
2013-03-29,08-03-YS-06,許添財,debate,．就自由經濟示範區問題提出質詢。．就打房問題提出質詢。．就銀行合併問題提出質詢。,http://lis.ly.gov.tw/lgcgi/lypdftxt?10201201;0114;0117
2013-03-29,08-03-YS-06,吳秉叡,debate,．就五都升格增加國家財政負荷問題提出質詢。．就核四公投問題提出質詢。,http://lis.ly.gov.tw/lgcgi/lypdftxt?10201201;0117;0120
2013-03-26,08-03-YS-05,張慶忠,debate,．就核四公投問題提出質詢。．就發展自主國防科技武器提出質詢。．就緬甸孤軍後裔身分問題提出質詢。．就改善與柬埔寨、緬甸關係提出質詢。．書面質詢。,http://lis.ly.gov.tw/lgcgi/lypdftxt?10201001;0102;0111
2013-03-26,08-03-YS-05,張慶忠,debate,邱文彥委員改提書面質詢,
2013-03-26,08-03-YS-05,張慶忠,debate,(,http://lis.ly.gov.tw/lgcgi/lypdftxt?10201001;0111;0111
2013-03-26,08-03-YS-05,許智傑,debate,書面質詢：一、就鳳山陸軍官校開放陸客參觀提出質詢。二、就眷村文化保存計畫問題提出質詢。三、就林旺紀念園區的設置問題提出質詢。四、就tifa談判進度問題提出質詢。五、就台灣與美國2013年的貿易問題提出質詢。六、就瘦肉精美豬進口問題提出質詢。,http://lis.ly.gov.tw/lgcgi/lypdftxt?10201001;0111;0112
2013-03-26,08-03-YS-05,薛凌,debate,．就幻象機問題提出質詢。．就核災和搶救的問題提出質詢。,http://lis.ly.gov.tw/lgcgi/lypdftxt?10201001;0112;0117
2013-03-26,08-03-YS-05,蘇震清,debate,．就核四問題提出質詢。．就自由經濟示範區問題提出質詢。,http://lis.ly.gov.tw/lgcgi/lypdftxt?10201001;0117;0122
2013-03-26,08-03-YS-05,黃偉哲,debate,．就核四問題提出質詢。,http://lis.ly.gov.tw/lgcgi/lypdftxt?10201001;0122;0126
2013-03-26,08-03-YS-05,林岱樺,debate,．就年金改革問題提出質詢。．就智慧財產權及關鍵專利問題提出質詢。,http://lis.ly.gov.tw/lgcgi/lypdftxt?10201001;0126;0133
2013-03-26,08-03-YS-05,紀國棟,debate,．就核四問題提出質詢。,http://lis.ly.gov.tw/lgcgi/lypdftxt?10201001;0133;0138
2013-03-26,08-03-YS-05,段宜康,debate,．就臺灣的人口問題提出質詢。,http://lis.ly.gov.tw/lgcgi/lypdftxt?10201001;0138;0141
2013-03-26,08-03-YS-05,魏明谷,debate,．就核四問題提出質詢。．就菜價崩盤問題提出質詢。,http://lis.ly.gov.tw/lgcgi/lypdftxt?10201001;0141;0145
2013-03-26,08-03-YS-05,孔文吉,debate,．就兩岸經貿交流及合作問題提出質詢。．就蘭嶼核廢料問題提出質詢。．就東部地區採礦政策提出質詢。．就原住民鄉鎮農路問題提出質詢。,http://lis.ly.gov.tw/lgcgi/lypdftxt?10201001;0145;0149
2013-03-26,08-03-YS-05,張嘉郡,debate,．就自由經濟示範區計畫問題提出質詢。．就重劃區外農水路的問題提出質詢。．就穩定高麗菜價格問題提出質詢。,http://lis.ly.gov.tw/lgcgi/lypdftxt?10201001;0149;0152
2013-03-26,08-03-YS-05,羅明才,debate,．就經濟問題提出質詢。．就核四問題提出質詢。．就地方建設問題提出質詢。．就捷運延伸至安坑問題提出質詢。,http://lis.ly.gov.tw/lgcgi/lypdftxt?10201001;0179;0183
2013-03-26,08-03-YS-05,李慶華,debate,．就核能政策問題提出質詢。,http://lis.ly.gov.tw/lgcgi/lypdftxt?10201001;0183;0185
2013-03-26,08-03-YS-05,簡東明,debate,．就危險道路改善問題提出質詢。．就蘭嶼核廢料問題提出質詢。,http://lis.ly.gov.tw/lgcgi/lypdftxt?10201001;0185;0188
2013-03-26,08-03-YS-05,王廷升,debate,．就我國加入tpp問題提出質詢。．就東部地區發展問題提出質詢。,http://lis.ly.gov.tw/lgcgi/lypdftxt?10201001;0188;0191
2013-03-26,08-03-YS-05,管碧玲,debate,．就核能安全問題提出質詢。,http://lis.ly.gov.tw/lgcgi/lypdftxt?10201001;0191;0195
2013-03-26,08-03-YS-05,吳育仁,debate,．就核四問題提出質詢。．就自由經濟示範區問題提出質詢。,http://lis.ly.gov.tw/lgcgi/lypdftxt?10201001;0195;0197
2013-03-26,08-03-YS-05,王惠美,debate,．就經濟問題提出質詢。．就經建會問題提出質詢。,http://lis.ly.gov.tw/lgcgi/lypdftxt?10201001;0197;0201
2013-03-26,08-03-YS-05,江啟臣,debate,．就經濟成長問題提出質詢。．就核四公投問題提出質詢。．就國際貿易策略問題提出質詢。,http://lis.ly.gov.tw/lgcgi/lypdftxt?10201001;0201;0205
2013-03-26,08-03-YS-05,徐少萍,debate,．就核四問題提出質詢。．就嬰兒奶粉價格調漲問題提出質詢。．就台北捷運延伸至基隆問題提出質詢。．就核災緊急應變計畫問題提出質詢。．就基隆市納入自由經濟示範區問題提出質詢。,http://lis.ly.gov.tw/lgcgi/lypdftxt?10201001;0206;0208
2013-03-26,08-03-YS-05,許添財,debate,．就總統與行政院長及閣員互動問題提出質詢。．就核四問題提出質詢。．就自由經濟示範區問題提出質詢。,http://lis.ly.gov.tw/lgcgi/lypdftxt?10201001;0209;0214
2013-03-26,08-03-YS-05,許忠信,debate,．就總統與行政院長及閣員互動問題提出質詢。．就自由經濟示範區問題提出質詢。,http://lis.ly.gov.tw/lgcgi/lypdftxt?10201001;0214;0218
2013-03-26,08-03-YS-05,陳明文,debate,．就核四公投問題提出質詢。．就經濟政策問題提出質詢。．就自由經濟示範區問題提出質詢。．就嘉義建設問題提出質詢。,http://lis.ly.gov.tw/lgcgi/lypdftxt?10201001;0218;0226
2013-03-26,08-03-YS-05,陳根德,debate,．就核四問題提出質詢。．就自由經濟示範區問題提出質詢。,http://lis.ly.gov.tw/lgcgi/lypdftxt?10201001;0226;0228
2013-03-22,08-03-YS-05,高金素梅,debate,．就原住民自治與國土保育問題提出質詢。,http://lis.ly.gov.tw/lgcgi/lypdftxt?10201001;0038;0043
2013-03-22,08-03-YS-05,徐少萍,debate,．就社福團體免徵補充保費問題提出質詢。．就國寶吳寶春想要唸emba問題提出質詢。．就核四問題提出質詢。．就基隆市的建設問題提出質詢。,http://lis.ly.gov.tw/lgcgi/lypdftxt?10201001;0043;0046
2013-03-22,08-03-YS-05,孔文吉,debate,．就原住民地區農路問題提出質詢。．就原住民族地區資源教師問題提出質詢。．就原住民族自治問題提出質詢。,http://lis.ly.gov.tw/lgcgi/lypdftxt?10201001;0046;0050
2013-03-22,08-03-YS-05,薛凌,debate,．就江院長未來職務問題提出質詢。．就核四公投問題提出質詢。．就公共工程問題提出質詢。．就性侵案增列「獸父條款」提出質詢。,http://lis.ly.gov.tw/lgcgi/lypdftxt?10201001;0051;0055
2013-03-22,08-03-YS-05,鄭天財,debate,．就原住民族自治法、原住民族土地及海域法進度提出質詢。．就設置原住民族博物館提出質詢。,http://lis.ly.gov.tw/lgcgi/lypdftxt?10201001;0055;0058
2013-03-22,08-03-YS-05,林正二,debate,．就原住民族政策提出質詢。,http://lis.ly.gov.tw/lgcgi/lypdftxt?10201001;0058;0062
2013-03-22,08-03-YS-05,簡東明,debate,．就原住民族委員會問題提出質詢。．就屏東來義鄉丹林大橋工程問題提出質詢。,http://lis.ly.gov.tw/lgcgi/lypdftxt?10201001;0062;0065
2013-03-22,08-03-YS-05,林鴻池,debate,書面質詢：一、不在籍投票議題二、能源政策三、tifa議題四、水資源議題五、全國社工比例與安全議題六、社會住宅議題,http://lis.ly.gov.tw/lgcgi/lypdftxt?10201001;0065;0072
2013-03-22,08-03-YS-05,姚文智,debate,．就核四問題提出質詢。,http://lis.ly.gov.tw/lgcgi/lypdftxt?10201001;0072;0077
2013-03-22,08-03-YS-05,謝國樑,debate,書面質詢：．就活化基隆閒置工業及倉儲用地提出質詢。,http://lis.ly.gov.tw/lgcgi/lypdftxt?10201001;0077;0077
2013-03-22,08-03-YS-05,楊應雄,debate,．就還地於民問題提出質詢。．就金門國家公園問題提出質詢。．就小三通陸客免簽或多簽問題提出質詢。,http://lis.ly.gov.tw/lgcgi/lypdftxt?10201001;0077;0080
2013-03-22,08-03-YS-05,邱文彥,debate,．就海岸侵蝕問題提出質詢。．就推動氣候調適方案問題提出質詢。．就興建原住民博物館提出質詢。．就基隆都市更新問題提出質詢。,http://lis.ly.gov.tw/lgcgi/lypdftxt?10201001;0080;0083
2013-03-22,08-03-YS-05,盧秀燕,debate,．就抗旱問題提出質詢。．就核四問題提出質詢。,http://lis.ly.gov.tw/lgcgi/lypdftxt?10201001;0083;0087
2013-03-22,08-03-YS-05,林國正,debate,．就毒品泛濫問題提出質詢。,http://lis.ly.gov.tw/lgcgi/lypdftxt?10201001;0087;0091
2013-03-22,08-03-YS-05,陳亭妃,debate,．就如何解決缺水問題提出質詢。．就維安與新聞自由問題提出質詢。．就居住正義問題提出質詢。,http://lis.ly.gov.tw/lgcgi/lypdftxt?10201001;0091;0096
2013-03-22,08-03-YS-05,黃文玲,debate,．就中共加快推動兩岸政治性對話問題提出質詢。．就馬總統女兒女婿居住香港是否影響國家安全問題提出質詢。．就核四問題提出質詢。,http://lis.ly.gov.tw/lgcgi/lypdftxt?10201001;0096;0101
2013-03-22,08-03-YS-05,黃文玲,debate,黃偉哲委員改提書面質詢,
2013-03-22,08-03-YS-05,黃文玲,debate,(,http://lis.ly.gov.tw/lgcgi/lypdftxt?10201001;0101;0101
2013-03-19,08-03-YS-04,蔡錦隆,debate,．就核四問題提出質詢。．就死刑執行問題提出質詢。．就技職教育問題提出質詢。．就年金制度改革問題提出質詢。,http://lis.ly.gov.tw/lgcgi/lypdftxt?10200802;0101;0107
2013-03-19,08-03-YS-04,邱志偉,debate,．就核四問題提出質詢。．就貧富差距問題提出質詢。．就新聞播報亂象問題提出質詢。,http://lis.ly.gov.tw/lgcgi/lypdftxt?10200802;0107;0117
2013-03-19,08-03-YS-04,林明溱,debate,．就3g行動上網服務品質問題提出質詢。．就公有土地租讓售法令進度問題提出質詢。．就纜車興建問題提出質詢。．就反核問題提出質詢。．就博弈問題提出質詢。．就河川疏浚問題提出質詢。,http://lis.ly.gov.tw/lgcgi/lypdftxt?10200802;0117;0122
2013-03-19,08-03-YS-04,陳超明,debate,．就美國豬肉進口問題提出質詢。．就年金制度改革問題提出質詢。．就放寬農地限制問題提出質詢。．就產業結構優質化問題提出質詢。．就自由經濟示範區問題提出質詢。,http://lis.ly.gov.tw/lgcgi/lypdftxt?10200802;0122;0132
2013-03-19,08-03-YS-04,黃昭順,debate,．就核四公投問題提出質詢。．就自由經濟示範區問題提出質詢。．就205兵工廠遷廠問題提出質詢。．就技職教育問題提出質詢。．就年金制度改革問題提出質詢。,http://lis.ly.gov.tw/lgcgi/lypdftxt?10200802;0132;0140
2013-03-19,08-03-YS-04,陳其邁,debate,．就核四問題提出質詢。,http://lis.ly.gov.tw/lgcgi/lypdftxt?10200802;0168;0176
2013-03-19,08-03-YS-04,高志鵬,debate,．就日幣貶值日貨卻未降價問題提出質詢。．就新莊副都心聯合辦公大樓部會進駐問題提出質詢。．就核四問題提出質詢。．就中國維權律師陳光誠來台問題提出質詢。,http://lis.ly.gov.tw/lgcgi/lypdftxt?10200802;0176;0185
2013-03-19,08-03-YS-04,鄭汝芬,debate,．就嬰幼兒奶粉漲價問題提出質詢。．就美國豬肉及稻米進口政策提出質詢。．就老農津貼政策提出質詢。．就「小地主大佃農」政策提出質詢。．就黃金廊道政策提出質詢。,http://lis.ly.gov.tw/lgcgi/lypdftxt?10200802;0185;0191
2013-03-19,08-03-YS-04,徐欣瑩,debate,．就核四問題提出質詢。．就生醫產業問題提出質詢。．就限水及自來水普及率問題提出質詢。．就毒品氾濫問題提出質詢。,http://lis.ly.gov.tw/lgcgi/lypdftxt?10200802;0191;0198
2013-03-19,08-03-YS-04,王進士,debate,．就屏東交通建設問題提出質詢。．就大鵬灣開發案提出質詢。．就美豬進口問題提出質詢。．就博弈法問題提出質詢。,http://lis.ly.gov.tw/lgcgi/lypdftxt?10200802;0198;0203
2013-03-19,08-03-YS-04,劉櫂豪,debate,．就核四問題提出質詢。．就臺東發展問題提出質詢。,http://lis.ly.gov.tw/lgcgi/lypdftxt?10200802;0203;0210
2013-03-19,08-03-YS-04,廖國棟,debate,．就棒球發展問題提出質詢。．就核四及核能廢料貯存場問題提出質詢。．就原住民族正義議題提出質詢。,http://lis.ly.gov.tw/lgcgi/lypdftxt?10200802;0210;0217
2013-03-15,08-03-YS-04,陳歐珀,debate,．就陳水扁前總統保外就醫問題提出質詢。．就釣魚台主權問題提出質詢。．就僑務問題提出質詢。．就宜蘭縣交通問題提出質詢。．就粉鳥林漁港坡地崩坍問題提出質詢。．就公共工程品質問題提出質詢。．就通姦除罪化問題提出質詢。,http://lis.ly.gov.tw/lgcgi/lypdftxt?10200802;0041;0047
2013-03-15,08-03-YS-04,潘維剛,debate,．就提升國民所得問題提出質詢。．就貿易自由化問題提出質詢。．就國家財政問題提出質詢。．就教育補助問題提出質詢。．就組織再造問題提出質詢。．就總統出訪梵諦崗問題提出質詢。．就通姦除罪化問題提出質詢。,http://lis.ly.gov.tw/lgcgi/lypdftxt?10200802;0048;0055
2013-03-15,08-03-YS-04,林佳龍,debate,．就核四公投問題提出質詢。,http://lis.ly.gov.tw/lgcgi/lypdftxt?10200802;0055;0065
2013-03-15,08-03-YS-04,詹凱臣,debate,．就僑務政策提出質詢。．就牛豬分離政策提出質詢。．就毒品氾濫問題提出質詢。．就海外所得課稅問題提出質詢。．就桃園航空城問題提出質詢。．就etc和e-tag問題提出質詢。．就與美國簽署iga問題提出質詢。．就核四問題提出質詢。,http://lis.ly.gov.tw/lgcgi/lypdftxt?10200802;0065;0071
2013-03-15,08-03-YS-04,翁重鈞,debate,．就出租林地逾期未續約案件處理提出質詢。．就農會選舉問題提出質詢。．就休耕田活化問題提出質詢。．就自由經濟示範區問題提出質詢。,http://lis.ly.gov.tw/lgcgi/lypdftxt?10200802;0071;0076
2013-03-15,08-03-YS-04,田秋堇,debate,．就核四安全問題提出質詢。,http://lis.ly.gov.tw/lgcgi/lypdftxt?10200802;0077;0086
2013-03-15,08-03-YS-04,田秋堇,debate,黃志雄委員書面質詢,
2013-03-15,08-03-YS-04,田秋堇,debate,．就核四議題提出質詢。．就教育體育議題提出質詢。,http://lis.ly.gov.tw/lgcgi/lypdftxt?10200802;0086;0095
2013-03-15,08-03-YS-04,陳鎮湘,debate,．就募兵制政策提出質詢。．就國防部組織結構提出質詢。．就戰力保存問題提出質詢。．就國軍救災問題提出質詢。．就海巡政策提出質詢。．就金馬外島未來發展提出質詢。．就能源戰略提出質詢。．就人才培育問題提出質詢。,http://lis.ly.gov.tw/lgcgi/lypdftxt?10200802;0095;0100
2013-03-12,08-03-YS-03,馬文君,debate,．就振興棒球問題提出質詢。．就核四問題提出質詢。．就募兵制問題提出質詢。,http://lis.ly.gov.tw/lgcgi/lypdftxt?10200801;0140;0146
2013-03-12,08-03-YS-03,吳宜臻,debate,．就核四問題提出質詢。．就少子化問題提出質詢。．就不在籍投票問題提出質詢。．就婦產科醫師不足問題提出質詢。．就苗栗的問題提出質詢。．就年金改革問題提出質詢。,http://lis.ly.gov.tw/lgcgi/lypdftxt?10200801;0146;0147
2013-03-12,08-03-YS-03,江惠貞,debate,．就推動傻瓜電擊器問題提出質詢。．就核四公投問題提出質詢。．就電動機車政策問題提出質詢。．就台水和台北市自來水管理處統整問題提出質詢。．就大台北新劇院計畫問題提出質詢。．就台美重啟談判問題提出質詢。,http://lis.ly.gov.tw/lgcgi/lypdftxt?10200801;0157;0165
2013-03-12,08-03-YS-03,林德福,debate,．就台美談判tifa問題提出質詢。．就棒球問題提出質詢。．就核四問題提出質詢。,http://lis.ly.gov.tw/lgcgi/lypdftxt?10200801;0166;0173
2013-03-12,08-03-YS-03,楊麗環,debate,．就年金改革問題提出質詢。．就12年國教問題提出質詢。．就核四問題提出質詢。．就桃園缺水的問題提出質詢。．就交通建設問題提出質詢。,http://lis.ly.gov.tw/lgcgi/lypdftxt?10200801;0173;0179
2013-03-12,08-03-YS-03,劉建國,debate,．就核四問題提出質詢。．就中科四期污水排放問題提出質詢。．就農業政策問題提出質詢。．就馬總統嫁女兒的國安問題提出質詢。,http://lis.ly.gov.tw/lgcgi/lypdftxt?10200801;0201;0210
2013-03-12,08-03-YS-03,蔡其昌,debate,．就增加棒球預算提出質詢。．就核四問題提出質詢。,http://lis.ly.gov.tw/lgcgi/lypdftxt?10200801;0210;0221
2013-03-12,08-03-YS-03,蔣乃辛,debate,．就核能安全問題提出質詢。．就如何讓gdp成長反映到薪資的問題提出質詢。,http://lis.ly.gov.tw/lgcgi/lypdftxt?10200801;0221;0228
2013-03-12,08-03-YS-03,林滄敏,debate,．就核安問題提出質詢。．就中科四期問題提出質詢。．就彰化建設問題提出質詢。．就台商回流的問題提出質詢。,http://lis.ly.gov.tw/lgcgi/lypdftxt?10200801;0228;0234
2013-03-12,08-03-YS-03,蘇清泉,debate,．就觀光、博奕、交通問題提出質詢。．就健保問題提出質詢。．就引導保險業資金投入公共建設問題提出質詢。．就核四問題提出質詢。,http://lis.ly.gov.tw/lgcgi/lypdftxt?10200801;0234;0240
2013-03-12,08-03-YS-03,尤美女,debate,．就核四及核安問題提出質詢。．就內閣女性政務官比例問題提出質詢。．就桃園航空城土地徵收問題提出質詢。,http://lis.ly.gov.tw/lgcgi/lypdftxt?10200801;0240;0247
2013-03-12,08-03-YS-03,李俊俋,debate,．就組織改造問題提出質詢。．就兩岸辦事處問題提出質詢。．就核四問題提出質詢。,http://lis.ly.gov.tw/lgcgi/lypdftxt?10200801;0247;0259
2013-03-08,08-03-YS-03,行政院院長江宜樺報告,report,行政院院長進行核四案專案報告並備質詢,http://lis.ly.gov.tw/lgcgi/lypdftxt?10200801;0027;0032
2013-03-08,08-03-YS-03,李慶華,debate,對行政院院長核四案專案報告進行質詢,http://lis.ly.gov.tw/lgcgi/lypdftxt?10200801;0032;0035
2013-03-08,08-03-YS-03,段宜康,debate,對行政院院長核四案專案報告進行質詢,http://lis.ly.gov.tw/lgcgi/lypdftxt?10200801;0035;0040
2013-03-08,08-03-YS-03,黃文玲,debate,對行政院院長核四案專案報告進行質詢,http://lis.ly.gov.tw/lgcgi/lypdftxt?10200801;0040;0045
2013-03-08,08-03-YS-03,李桐豪;林正二;張曉風,debate,對行政院院長核四案專案報告進行質詢,http://lis.ly.gov.tw/lgcgi/lypdftxt?10200801;0046;0055
2013-03-08,08-03-YS-03,廖正井,debate,對行政院院長核四案專案報告進行質詢,http://lis.ly.gov.tw/lgcgi/lypdftxt?10200801;0055;0058
2013-03-08,08-03-YS-03,林國正,debate,對行政院院長核四案專案報告進行質詢,http://lis.ly.gov.tw/lgcgi/lypdftxt?10200801;0059;0062
2013-03-08,08-03-YS-03,葉宜津,debate,對行政院院長核四案專案報告進行質詢,http://lis.ly.gov.tw/lgcgi/lypdftxt?10200801;0062;0067
2013-03-08,08-03-YS-03,楊瓊瓔,debate,對行政院院長核四案專案報告進行質詢,http://lis.ly.gov.tw/lgcgi/lypdftxt?10200801;0067;0072
2013-03-08,08-03-YS-03,林世嘉,debate,對行政院院長核四案專案報告進行質詢,http://lis.ly.gov.tw/lgcgi/lypdftxt?10200801;0072;0077
2013-03-08,08-03-YS-03,管碧玲,debate,對行政院院長核四案專案報告進行質詢,http://lis.ly.gov.tw/lgcgi/lypdftxt?10200801;0077;0082
2013-03-08,08-03-YS-03,許忠信,debate,對行政院院長核四案專案報告進行質詢,http://lis.ly.gov.tw/lgcgi/lypdftxt?10200801;0082;0086
2013-03-08,08-03-YS-03,蔡正元,debate,對行政院院長核四案專案報告進行質詢,http://lis.ly.gov.tw/lgcgi/lypdftxt?10200801;0087;0092
2013-03-08,08-03-YS-03,陳其邁,debate,對行政院院長核四案專案報告進行質詢,http://lis.ly.gov.tw/lgcgi/lypdftxt?10200801;0092;0096
2013-03-08,08-03-YS-03,徐欣瑩,debate,對行政院院長核四案專案報告進行質詢,http://lis.ly.gov.tw/lgcgi/lypdftxt?10200801;0096;0100
2013-03-08,08-03-YS-03,林淑芬,debate,對行政院院長核四案專案報告進行質詢,http://lis.ly.gov.tw/lgcgi/lypdftxt?10200801;0100;0104
2013-03-08,08-03-YS-03,林淑芬,debate,高金素梅委員書面質詢,
2013-03-08,08-03-YS-03,林淑芬,debate,對行政院院長核四案專案報告進行質詢,http://lis.ly.gov.tw/lgcgi/lypdftxt?10200801;0104;0105
2013-03-08,08-03-YS-03,李俊俋,debate,對行政院院長核四案專案報告進行質詢,http://lis.ly.gov.tw/lgcgi/lypdftxt?10200801;0106;0110
2013-03-08,08-03-YS-03,李俊俋,debate,吳育仁委員書面質詢,
2013-03-08,08-03-YS-03,李俊俋,debate,對行政院院長核四案專案報告進行質詢,http://lis.ly.gov.tw/lgcgi/lypdftxt?10200801;0110;0114
2013-03-08,08-03-YS-03,林佳龍,debate,對行政院院長核四案專案報告進行質詢,http://lis.ly.gov.tw/lgcgi/lypdftxt?10200801;0115;0119
2013-03-08,08-03-YS-03,林佳龍,debate,黃昭順委員書面質詢,
2013-03-08,08-03-YS-03,林佳龍,debate,對行政院院長核四案專案報告進行質詢,http://lis.ly.gov.tw/lgcgi/lypdftxt?10200801;0119;0121
2013-03-08,08-03-YS-03,黃偉哲,debate,對行政院院長核四案專案報告進行質詢,http://lis.ly.gov.tw/lgcgi/lypdftxt?10200801;0121;0126
2013-03-08,08-03-YS-03,黃偉哲,debate,林滄敏委員書面質詢,
2013-03-08,08-03-YS-03,黃偉哲,debate,對行政院院長核四案專案報告進行質詢,http://lis.ly.gov.tw/lgcgi/lypdftxt?10200801;0126;0128
2013-03-08,08-03-YS-03,田秋堇,debate,對行政院院長核四案專案報告進行質詢,http://lis.ly.gov.tw/lgcgi/lypdftxt?10200801;0128;0134
2013-03-08,08-03-YS-03,田秋堇,debate,孔文吉委員書面質詢,
2013-03-08,08-03-YS-03,田秋堇,debate,對行政院院長核四案專案報告進行質詢,http://lis.ly.gov.tw/lgcgi/lypdftxt?10200801;0134;0135
2013-03-08,08-03-YS-03,陳亭妃,debate,對行政院院長核四案專案報告進行質詢,http://lis.ly.gov.tw/lgcgi/lypdftxt?10200801;0135;0139
2013-03-05,08-03-YS-02,趙天麟,debate,．就核四公投問題提出質詢。．就老車換新車貨物稅減徵問題提出質詢。,http://lis.ly.gov.tw/lgcgi/lypdftxt?10200703;0821;0830
2013-03-05,08-03-YS-02,林郁方,debate,．就核四公投問題提出質詢。．就南海主權爭議提出質詢。．就募兵制問題提出質詢。．就情報人員年終慰問金問題提出質詢。．就捷運萬大線問題提出質詢。,http://lis.ly.gov.tw/lgcgi/lypdftxt?10200703;0830;0836
2013-03-05,08-03-YS-02,蕭美琴,debate,．就核四問題提出質詢。．就自由貿易議題提出質詢。．就美豬進口問題提出質詢。．就與中國互設辦事處問題提出質詢。．就東部建設議題提出質詢。,http://lis.ly.gov.tw/lgcgi/lypdftxt?10200703;0836;0845
2013-03-05,08-03-YS-02,李昆澤,debate,．就勞工問題提出質詢。．就年金改革提出質詢。,http://lis.ly.gov.tw/lgcgi/lypdftxt?10200703;0845;0852
2013-03-05,08-03-YS-02,呂玉玲,debate,．就五楊高架道路問題提出質詢。．就桃園航空城問題提出質詢。．就核四公投問題提出質詢。．就油價問題提出質詢。．就退稅及欠稅追討問題提出質詢。,http://lis.ly.gov.tw/lgcgi/lypdftxt?10200703;0852;0859
2013-03-05,08-03-YS-02,羅淑蕾,debate,．就核四問題提出質詢。．就中油的浮動油價計算公式提出質詢。,http://lis.ly.gov.tw/lgcgi/lypdftxt?10200703;0873;0880
2013-03-05,08-03-YS-02,李桐豪,debate,．就釣魚台問題提出質詢。．就投票年齡降至18歲問題提出質詢。．就原住民自治權提出質詢。．就十二年國教問題提出質詢。．就日圓貶值問題提出質詢。．就綜合所得稅儲蓄投資特別扣除額問題提出質詢。,http://lis.ly.gov.tw/lgcgi/lypdftxt?10200703;0880;0887
2013-03-05,08-03-YS-02,何欣純,debate,．就農地污染整治問題提出質詢。．就核能安全問題提出質詢。,http://lis.ly.gov.tw/lgcgi/lypdftxt?10200703;0887;0895
2013-03-05,08-03-YS-02,李應元,debate,．就老人照顧問題提出質詢。．就活化小學教室問題提出質詢。．就中科廢水排放問題提出質詢。．就農業相關問題提出質詢。．就雲林科技園區問題提出質詢。．就核四公投問題提出質詢。,http://lis.ly.gov.tw/lgcgi/lypdftxt?10200703;0895;0902
2013-03-05,08-03-YS-02,丁守中,debate,．就核四公投問題提出質詢。．就不在籍投票問題提出質詢。．就兩岸未來發展提出質詢。．就外交部改為外交與貿易部問題提出質詢。,http://lis.ly.gov.tw/lgcgi/lypdftxt?10200703;0902;0911
2013-03-05,08-03-YS-02,孫大千,debate,．就核四公投問題提出質詢。,http://lis.ly.gov.tw/lgcgi/lypdftxt?10200703;0911;0918
2013-03-05,08-03-YS-02,李貴敏,debate,．就人口政策提出質詢。．就經濟政策、產業政策提出質詢。,http://lis.ly.gov.tw/lgcgi/lypdftxt?10200703;0918;0924
2013-03-01,08-03-YS-02,楊瓊瓔,debate,．就核四問題提出質詢。．就美豬政策提出質詢。．就老農津貼政策提出質詢。．就人才問題提出質詢。．就自由貿易示範區問題提出質詢。,http://lis.ly.gov.tw/lgcgi/lypdftxt?10200703;0749;0757
2013-03-01,08-03-YS-02,林世嘉,debate,．就中華民國和中華人民共和國關係提出質詢。．就核四問題提出質詢。．就美豬政策提出質詢。．就媒體壟斷問題提出質詢。．就年金改革提出質詢。．就陳水扁健康狀況及醫療處置提出質詢。,http://lis.ly.gov.tw/lgcgi/lypdftxt?10200703;0758;0767
2013-03-01,08-03-YS-02,徐耀昌,debate,．就美豬問題提出質詢。．就老農津貼問題提出質詢。．就水土保持問題提出質詢。．就核四問題提出質詢。．就苗栗天花湖水庫興建計畫提出質詢。．就苗栗縣的建設提出質詢。,http://lis.ly.gov.tw/lgcgi/lypdftxt?10200703;0767;0772
2013-03-01,08-03-YS-02,柯建銘,debate,．就江院長從政表現提出質詢。．就核四問題提出質詢。,http://lis.ly.gov.tw/lgcgi/lypdftxt?10200703;0773;0780
2013-03-01,08-03-YS-02,賴士葆,debate,．就核四問題提出質詢。．就優先法案問題提出質詢。．就設立院長專線或信箱以瞭解民瘼提出質詢。,http://lis.ly.gov.tw/lgcgi/lypdftxt?10200703;0780;0786
2013-03-01,08-03-YS-02,廖正井,debate,．就年金制度提出質詢。．就自由經濟示範區問題提出質詢。．就開放優秀金控走出去的問題提出質詢。,http://lis.ly.gov.tw/lgcgi/lypdftxt?10200703;0786;0794
2013-03-01,08-03-YS-02,潘孟安,debate,．就連戰訪中所提言論提出質詢。．就核四公投和核廢料處理問題提出質詢。．就勞工工資問題提出質詢。．就美豬問題提出質詢。．就中國農產品來台加工問題提出質詢。．就老農津貼問題提出質詢。,http://lis.ly.gov.tw/lgcgi/lypdftxt?10200703;0794;802
2013-03-01,08-03-YS-02,邱議瑩,debate,．就核四公投問題提出質詢。．就自由經濟示範區提出質詢。．就江院長施政規劃提出質詢。．就老農津貼政策提出質詢。．就國道收費政策提出質詢。．就陳水扁健康狀況提出質詢。,http://lis.ly.gov.tw/lgcgi/lypdftxt?10200703;0802;0811
2013-03-01,08-03-YS-02,盧嘉辰,debate,書面質詢：．就年金改革問題提出質詢。．就公務人員總員額提出質詢。．就五都升格問題提出質詢。,http://lis.ly.gov.tw/lgcgi/lypdftxt?10200703;0811;0813
2013-03-01,08-03-YS-02,費鴻泰,debate,．就核四公投問題提出質詢。．就經濟成長率問題提出質詢。．就自由經濟示範區問題提出質詢。．就金融產業限制問題提出質詢。,http://lis.ly.gov.tw/lgcgi/lypdftxt?10200703;0813;0819
2013-02-26,08-03-YS-01,行政院院長江宜樺報告,report,行政院院長提出施政方針及施政報告，並備質詢,http://lis.ly.gov.tw/lgcgi/lypdftxt?10200701;0019;0252
2012-11-13,08-02-YS-08,黃偉哲,debate,．就退休軍公教人員年終慰問金提出質詢。．就勞保制度改革提出質詢。．就四大基金投資績效提出質詢。,http://lis.ly.gov.tw/lgcgi/lypdftxt?10106801;0119;0123
2012-11-13,08-02-YS-08,楊麗環,debate,．就公職人員財產申報提出質詢。．就退休軍公教人員年終慰問金提出質詢。．就二代健保支付標準提出質詢。．就基本工資提出質詢。．就人口政策提出質詢。,http://lis.ly.gov.tw/lgcgi/lypdftxt?10106801;0123;0130
2012-11-13,08-02-YS-08,林滄敏,debate,．就勞工安全提出質詢。．就勞退基金投資操作提出質詢。．就公務人員出具登載不實之公文書提出質詢。,http://lis.ly.gov.tw/lgcgi/lypdftxt?10106801;0130;0134
2012-11-13,08-02-YS-08,劉建國,debate,．就發放退休將官春節慰問金提出質詢。．就勞退基金投資績效提出質詢。．就居家照護服務計畫之預算編列提出質詢。,http://lis.ly.gov.tw/lgcgi/lypdftxt?10106801;0134;0139
2012-11-13,08-02-YS-08,何欣純,debate,．就退休軍公教人員年終慰問金提出質詢。．就四大基金投資績效提出質詢。,http://lis.ly.gov.tw/lgcgi/lypdftxt?10106801;0139;0145
2012-11-13,08-02-YS-08,尤美女,debate,．就公職人員財產申報提出質詢。．就本勞外勞聘用提出質詢。．就長照服務保險規劃提出質詢。,http://lis.ly.gov.tw/lgcgi/lypdftxt?10106801;0145;0148
2012-11-13,08-02-YS-08,林世嘉,debate,．就長照服務保險規劃提出質詢。．就退休軍公教人員年終慰問金提出質詢。．就四大基金投資績效提出質詢。．就公費疫苗之診察費提出質詢。,http://lis.ly.gov.tw/lgcgi/lypdftxt?10106801;0148;0153
2012-11-13,08-02-YS-08,廖國棟,debate,．就原住民保留地開發規定提出質詢。．就酒品健康捐開徵提出質詢。．就台東地區醫療資源提出質詢。．就原廠藥品價格提出質詢。,http://lis.ly.gov.tw/lgcgi/lypdftxt?10106801;0153;0158
2012-11-13,08-02-YS-08,吳宜臻,debate,書面質詢．就台灣薪資結構低薪化提出質詢。．就無薪假成企業常態化用人模式提出質詢。．就勞保基金修正應符合世代正義提出質詢。,http://lis.ly.gov.tw/lgcgi/lypdftxt?10106801;0158;0161
2012-11-13,08-02-YS-08,楊玉欣,debate,．就公共空間規劃提出質詢。．就長照服務規劃提出質詢。．就家庭支持服務系統提出質詢。,http://lis.ly.gov.tw/lgcgi/lypdftxt?10106801;0161;0168
2012-11-09,08-02-YS-08,羅明才,debate,．就兩岸事務推動提出質詢。．就安坑特一號道路工程提出質詢。．就捷運延伸至深坑、石碇提出質詢。．就汽車燃料使用費公平分配提出質詢。．就陸客來台觀光管理提出質詢。書面質詢。,http://lis.ly.gov.tw/lgcgi/lypdftxt?10106801;0053;0059
2012-11-09,08-02-YS-08,徐耀昌,debate,．就組織再造及功能提出質詢。．就苗栗縣交通建設提出質詢。．就台13線拓寬工程提出質詢。,http://lis.ly.gov.tw/lgcgi/lypdftxt?10106801;0059;0062
2012-11-09,08-02-YS-08,蕭美琴,debate,．就不同性傾向者權益提出質詢。．就退休軍公教人員年終慰問金提出質詢。．就購買壹傳媒資金提出質詢。．就花蓮地區交通運輸提出質詢。,http://lis.ly.gov.tw/lgcgi/lypdftxt?10106801;0062;0067
2012-11-09,08-02-YS-08,呂玉玲,debate,．就平鎮增設火車站評估提出質詢。．就桃園機場服務提出質詢。．就機場跑道工程提出質詢。．就高速公路回數票回收提出質詢。,http://lis.ly.gov.tw/lgcgi/lypdftxt?10106801;0068;0071
2012-11-09,08-02-YS-08,許智傑,debate,．就鳳山鐵路地下化工程提出質詢。．就公共建設之自償性計畫提出質詢。．就高速公路計程收費提出質詢。,http://lis.ly.gov.tw/lgcgi/lypdftxt?10106801;0071;0075
2012-11-09,08-02-YS-08,王廷升,debate,．就退休軍公教人員年終慰問金提出質詢。．就花蓮地區交通建設提出質詢。．就增加台北花蓮航線運輸提出質詢。,http://lis.ly.gov.tw/lgcgi/lypdftxt?10106801;0075;0079
2012-11-09,08-02-YS-08,謝國樑,debate,書面質詢．就基隆市觀光建設提出質詢。．就基隆市交通建設提出質詢。．就台鐵捷運化第三軌工程提出質詢。,http://lis.ly.gov.tw/lgcgi/lypdftxt?10106801;0079;0080
2012-11-09,08-02-YS-08,李慶華,debate,．就兩岸和平協議提出質詢。．就駐美代表就任提出質詢。．就證所稅開徵提出質詢。,http://lis.ly.gov.tw/lgcgi/lypdftxt?10106801;0080;0083
2012-11-09,08-02-YS-08,管碧玲,debate,．就高速公路計程收費提出質詢。．就有線電視費用調降提出質詢。．就晶片護照費用調降提出質詢。．就特殊電信碼免費機制提出質詢。．就晶片護照費用調降提出質詢。．就退休軍公教人員年終慰問金提出質詢。．就購買壹傳媒資金提出質詢。,http://lis.ly.gov.tw/lgcgi/lypdftxt?10106801;0083;0092
2012-11-09,08-02-YS-08,林明溱,debate,．就職業駕照換照措施提出質詢。．就高速公路計程收費提出質詢。．就高速公路從埔里延長至廬山之評估提出質詢。,http://lis.ly.gov.tw/lgcgi/lypdftxt?10106801;0092;0095
2012-11-09,08-02-YS-08,詹凱臣,debate,．就公職人員財產申報提出質詢。．就桃園機場服務設備提出質詢。．就外島增設兩岸直航機場提出質詢。,http://lis.ly.gov.tw/lgcgi/lypdftxt?10106801;0095;0099
2012-11-09,08-02-YS-08,許忠信,debate,．就公職人員財產申報提出質詢。．就陳前總統在監獄的醫療及處遇提出質詢。．就要求大陸遣返陳由豪提出質詢。,http://lis.ly.gov.tw/lgcgi/lypdftxt?10106801;0099;0102
2012-11-09,08-02-YS-08,呂學樟,debate,．就經濟動能推升方案提出質詢。．就推動四大基金海外投資提出質詢。．就新竹監獄遷移提出質詢。,http://lis.ly.gov.tw/lgcgi/lypdftxt?10106801;0102;0106
2012-11-09,08-02-YS-08,紀國棟,debate,．就政府施政宣導與時機提出質詢。．就謝青良坑殺政府基金案提出質詢。,http://lis.ly.gov.tw/lgcgi/lypdftxt?10106801;0106;0109
2012-11-09,08-02-YS-08,許添財,debate,．就檢察官濫權起訴提出質詢。．就司法改革提出質詢。,http://lis.ly.gov.tw/lgcgi/lypdftxt?10106801;0109;0112
2012-11-09,08-02-YS-08,陳唐山,debate,．就陳前總統保外就醫提出質詢。．就受刑人人權提出質詢。,http://lis.ly.gov.tw/lgcgi/lypdftxt?10106801;0112;0118
2012-11-06,08-02-YS-07,許添財,debate,．就公部門用人費用提出質詢。．就社會安全保險制度提出質詢。．就成立四大基金資料調閱小組提出質詢。,http://lis.ly.gov.tw/lgcgi/lypdftxt?10106501;0119;0123
2012-11-06,08-02-YS-07,高志鵬,debate,．就美國總統選舉之財政議題提出質詢。．就駐美代表就任提出質詢。．就安泰投信對基金虧損進行賠償提出質詢。,http://lis.ly.gov.tw/lgcgi/lypdftxt?10106501;0123;0128
2012-11-06,08-02-YS-07,鄭天財,debate,．就原住民族專案計畫預算短編提出質詢。．就原住民地區的農路改善提出質詢。．就原住民族聚會所設立提出質詢。．就原住民族醫療保健提出質詢。．就原住民族配合款編列提出質詢。．就原住民族學雜費全免提出質詢。,http://lis.ly.gov.tw/lgcgi/lypdftxt?10106501;0128;0131
2012-11-06,08-02-YS-07,曾巨威,debate,．就退休軍公教人員年終慰問金提出質詢。．就預算政策之決定權提出質詢。．就工作所得補助方案提出質詢。．就租稅大赦構想提出質詢。．就減稅與政府稅收之關係提出質詢。,http://lis.ly.gov.tw/lgcgi/lypdftxt?10106501;0131;0139
2012-11-06,08-02-YS-07,薛凌,debate,．就國務機要費及政務聯繫費刪減提出質詢。．就軍人退撫金支付制度提出質詢。．就黃金十年政策之預算編列時程提出質詢。,http://lis.ly.gov.tw/lgcgi/lypdftxt?10106501;0139;0142
2012-11-06,08-02-YS-07,陳亭妃,debate,．就國務機要費及政務聯繫費刪減提出質詢。．就大學學雜費調整提出質詢。．就軍訓教官加領加班費提出質詢。,http://lis.ly.gov.tw/lgcgi/lypdftxt?10106501;0143;0146
2012-11-06,08-02-YS-07,呂學樟,debate,．就信用卡利率調整提出質詢。．就技職教育之預算編列提出質詢。．就學校教職員退休制度提出質詢。,http://lis.ly.gov.tw/lgcgi/lypdftxt?10106501;0146;0149
2012-11-06,08-02-YS-07,徐耀昌,debate,．就娛樂稅徵收提出質詢。．就兩岸學歷認證提出質詢。．就補助台商子弟與教學提出質詢。．就產學落差現象提出質詢。．就奧運轉播事項提出質詢。,http://lis.ly.gov.tw/lgcgi/lypdftxt?10106501;0149;0152
2012-11-06,08-02-YS-07,王惠美,debate,．就大學學雜費調整提出質詢。．就大學開拓生源提出質詢。．就閒置教室之處理使用提出質詢。,http://lis.ly.gov.tw/lgcgi/lypdftxt?10106501;0152;0157
2012-11-06,08-02-YS-07,陳淑慧,debate,．就台灣青年現況提出質詢。．就高等教育結構提出質詢。．就大學學雜費調整提出質詢。,http://lis.ly.gov.tw/lgcgi/lypdftxt?10106501;0182;0187
2012-11-06,08-02-YS-07,吳育昇,debate,書面質詢．就高低所得家庭之教育支出差距提出質詢。．就增加現行教育學費特別扣除提出質詢。．就應建立高等教育有效之退場機制提出質詢。．就文化部編列電影輔導金提出質詢。,http://lis.ly.gov.tw/lgcgi/lypdftxt?10106501;0187;0189
2012-11-06,08-02-YS-07,張曉風,debate,．就學校評鑑制度提出質詢。．就政府官員之國學程度提出質詢。,http://lis.ly.gov.tw/lgcgi/lypdftxt?10106501;0189;0193
2012-11-06,08-02-YS-07,許智傑,debate,．就加入國際組織之名稱提出質詢。．就國務機要費及政務聯繫費刪減提出質詢。,http://lis.ly.gov.tw/lgcgi/lypdftxt?10106501;0193;0197
2012-11-06,08-02-YS-07,何欣純,debate,．就政務聯繫費之支用用途提出質詢。．就青年貧窮化提出質詢。．就大學學雜費調整提出質詢。,http://lis.ly.gov.tw/lgcgi/lypdftxt?10106501;0197;0202
2012-11-06,08-02-YS-07,邱志偉,debate,．就整體英文實力下降提出質詢。．就核四運轉提出質詢。,http://lis.ly.gov.tw/lgcgi/lypdftxt?10106501;0202;0207
2012-11-06,08-02-YS-07,林國正,debate,．就校園毒品防制提出質詢。．就學生濫用藥物提出質詢。．就毒品防制績效評估提出質詢。,http://lis.ly.gov.tw/lgcgi/lypdftxt?10106501;0207;0211
2012-11-06,08-02-YS-07,顏清標,debate,．就調整松山機場航高限制及建蔽率容積率提出質詢。．就台中鐵路高架捷運化工程提出質詢。．就台中都會區之環狀路網連結提出質詢。,http://lis.ly.gov.tw/lgcgi/lypdftxt?10106501;0211;0216
2012-11-06,08-02-YS-07,陳雪生,debate,．就馬祖博弈專區規劃提出質詢。．就馬祖機場規劃提出質詢。,http://lis.ly.gov.tw/lgcgi/lypdftxt?10106501;0216;0219
2012-11-06,08-02-YS-07,盧嘉辰,debate,書面質詢．就檢討汽燃費分配比例提出質詢。．就捷運土城線延伸頂埔之工程落後提出質詢。,http://lis.ly.gov.tw/lgcgi/lypdftxt?10106501;0219;0220
2012-11-06,08-02-YS-07,黃昭順,debate,．就綜合所得稅減稅機制提出質詢。．就高雄港建設之預算編列提出質詢。．就高雄鐵路地下化延伸至鳳山段提出質詢。,http://lis.ly.gov.tw/lgcgi/lypdftxt?10106501;0220;0224
2012-11-02,08-02-YS-07,林岱樺,debate,．就總統捐款來源提出質詢。．就基金公司代為操作公部門基金提出質詢。．就退休軍公教人員年終慰問金提出質詢。．就經濟成長率下修提出質詢。．就高雄自由經濟示範區提出質詢。,http://lis.ly.gov.tw/lgcgi/lypdftxt?10106501;0048;0057
2012-11-02,08-02-YS-07,王廷升,debate,．就統籌分配稅款標準提出質詢。．就小地主大佃農實施提出質詢。．就花東發展基金之使用提出質詢。,http://lis.ly.gov.tw/lgcgi/lypdftxt?10106501;0057;0059
2012-11-02,08-02-YS-07,林國正,debate,．就大林蒲與鳳鼻頭遷村提出質詢。．就遷村計畫成立政府對口單位提出質詢。,http://lis.ly.gov.tw/lgcgi/lypdftxt?10106501;0060;0063
2012-11-02,08-02-YS-07,魏明谷,debate,．就ncc委員辭職提出質詢。．就市售米農藥殘留提出質詢。,http://lis.ly.gov.tw/lgcgi/lypdftxt?10106501;0064;0067
2012-11-02,08-02-YS-07,廖國棟,debate,．就經濟成長率下修提出質詢。．就核四運轉提出質詢。．就原住民地區之農業發展提出質詢。,http://lis.ly.gov.tw/lgcgi/lypdftxt?10106501;0067;0071
2012-11-02,08-02-YS-07,李慶華,debate,．就市售米農藥殘留提出質詢。．就無薪假制度提出質詢。．就核四廠轉型成本提出質詢。,http://lis.ly.gov.tw/lgcgi/lypdftxt?10106501;0071;0075
2012-11-02,08-02-YS-07,蔡煌瑯,debate,．就ncc委員辭職提出質詢。．就行政首長之特別費減半編列提出質詢。．就廬山溫泉遷村提出質詢。,http://lis.ly.gov.tw/lgcgi/lypdftxt?10106501;0075;0083
2012-11-02,08-02-YS-07,林明溱,debate,．就台糖之畸零地售價提出質詢。．就廬山溫泉區存廢提出質詢。．就證所稅實施提出質詢。,http://lis.ly.gov.tw/lgcgi/lypdftxt?10106501;0083;0086
2012-11-02,08-02-YS-07,薛凌,debate,．就退休軍公教人員年終慰問金提出質詢。．就行政單位預算編列提出質詢。．就高學歷者失業率提出質詢。．就有毒藥品管理機制提出質詢。,http://lis.ly.gov.tw/lgcgi/lypdftxt?10106501;0087;0090
2012-11-02,08-02-YS-07,蕭美琴,debate,．就市售米農藥殘留提出質詢。．就基金公司代為操作公部門基金提出質詢。．就本土企業適用之優惠措施提出質詢。,http://lis.ly.gov.tw/lgcgi/lypdftxt?10106501;0090;0095
2012-11-02,08-02-YS-07,馬文君,debate,．就網路頻寬之使用提出質詢。．就農業縣缺工提出質詢。．就廬山溫泉區遷村提出質詢。,http://lis.ly.gov.tw/lgcgi/lypdftxt?10106501;0095;0099
2012-11-02,08-02-YS-07,劉建國,debate,．就市售米農藥殘留提出質詢。．就糧食之標示實施抽檢提出質詢。,http://lis.ly.gov.tw/lgcgi/lypdftxt?10106501;0099;0104
2012-11-02,08-02-YS-07,廖正井,debate,．就金控之連結稅制提出質詢。．就金控監理之管理提出質詢。．就中小企業債務喘息方案提出質詢。,http://lis.ly.gov.tw/lgcgi/lypdftxt?10106501;0104;0111
2012-11-02,08-02-YS-07,林德福,debate,．就市售米農藥殘留提出質詢。．就台商回台投資方案提出質詢。．就國有財產活化提出質詢。,http://lis.ly.gov.tw/lgcgi/lypdftxt?10106501;0111;0115
2012-11-02,08-02-YS-07,李桐豪,debate,．就參與世界金融發展指標評比提出質詢。．就金融安全網規劃提出質詢。．就國華人壽標售提出質詢。．就國家潛藏債務提出質詢。,http://lis.ly.gov.tw/lgcgi/lypdftxt?10106501;0115;0118
2012-10-30,08-02-YS-06,邱志偉,debate,．就退休軍公教人員年終慰問金提出質詢。．就鞏固國家情報安全措施提出質詢。,http://lis.ly.gov.tw/lgcgi/lypdftxt?10106301;0116;0122
2012-10-30,08-02-YS-06,陳雪生,debate,．就退休軍公教人員年終慰問金提出質詢。．就馬祖土地管理提出質詢。．就勞保基金規劃提出質詢。,http://lis.ly.gov.tw/lgcgi/lypdftxt?10106301;0122;0125
2012-10-30,08-02-YS-06,詹凱臣,debate,．就美國免簽證待遇提出質詢。．就釣魚台護漁事件提出質詢。．就共諜案提出質詢。．就軍港搬遷規劃提出質詢。．就僑務政策提出質詢。,http://lis.ly.gov.tw/lgcgi/lypdftxt?10106301;0125;0128
2012-10-30,08-02-YS-06,姚文智,debate,．就退休軍公教人員年終慰問金提出質詢。．就軍公教及退撫人員人事費用提出質詢。．就國家機密保防提出質詢。,http://lis.ly.gov.tw/lgcgi/lypdftxt?10106301;0128;0134
2012-10-30,08-02-YS-06,黃偉哲,debate,．就證券市場交易現況提出質詢。．就原住民工作權保障提出質詢。．就國民生產毛額調整及影響提出質詢。．就年金保險及退撫制度規劃提出質詢。,http://lis.ly.gov.tw/lgcgi/lypdftxt?10106301;0134;0138
2012-10-30,08-02-YS-06,許忠信,debate,．就軍公教退休人員優惠存款之利息編列提出質詢。．就退休軍公教人員年終慰問金提出質詢。．就開放中資來臺投資提出質詢。,http://lis.ly.gov.tw/lgcgi/lypdftxt?10106301;0138;0141
2012-10-30,08-02-YS-06,林德福,debate,．就證券市場交易現況提出質詢。．就房市實價登錄之影響提出質詢。,http://lis.ly.gov.tw/lgcgi/lypdftxt?10106301;0142;0144
2012-10-30,08-02-YS-06,李桐豪,debate,．就失業問題提出質詢。．就鼓勵企業增加就業之措施提出質詢。．就政府對國際投資之管理提出質詢。,http://lis.ly.gov.tw/lgcgi/lypdftxt?10106301;0144;0148
2012-10-30,08-02-YS-06,黃昭順,debate,．就證券市場交易現況提出質詢。．就退休軍公教人員年終慰問金提出質詢。．就自由經濟示範區計畫提出質詢。,http://lis.ly.gov.tw/lgcgi/lypdftxt?10106301;0148;0152
2012-10-30,08-02-YS-06,陳亭妃,debate,．就退休軍公教人員年終慰問金提出質詢。．就勞保退休金撥補提出質詢。．就證券市場交易現況提出質詢。,http://lis.ly.gov.tw/lgcgi/lypdftxt?10106301;0152;0157
2012-10-30,08-02-YS-06,羅明才,debate,．就台商回台投資提出質詢。．就證所稅開徵之實施提出質詢。．就台幣匯率走勢提出質詢。．就安坑之交通問題提出質詢。,http://lis.ly.gov.tw/lgcgi/lypdftxt?10106301;0188;0191
2012-10-30,08-02-YS-06,簡東明,debate,．就河川清淤工程提出質詢。．就造林政策提出質詢。,http://lis.ly.gov.tw/lgcgi/lypdftxt?10106301;0191;0194
2012-10-30,08-02-YS-06,潘維剛,debate,．就國民生產毛額調整及影響提出質詢。．就證券市場交易現況提出質詢。．就國家預算編列調整提出質詢。．就退休軍公教人員年終慰問金提出質詢。．就網路頻寬及速度提出質詢。,http://lis.ly.gov.tw/lgcgi/lypdftxt?10106301;0194;0201
2012-10-30,08-02-YS-06,吳宜臻,debate,書面質詢．就有感經濟指標提出質詢。．就因應後 ecfa 之中小企業振興措施提出質詢。．就設立「苗栗產業創新研發園區」提出質詢。．就成立客家特色產業發展基金提出質詢。．就台商回流利用閒置土地之措施提出質詢。,http://lis.ly.gov.tw/lgcgi/lypdftxt?10106301;0201;0204
2012-10-30,08-02-YS-06,紀國棟,debate,．就勞保退休金撥補提出質詢。．就退休軍公教人員年終慰問金提出質詢。,http://lis.ly.gov.tw/lgcgi/lypdftxt?10106301;0204;0208
2012-10-30,08-02-YS-06,王進士,debate,．就休耕農地活化提出質詢。．就財團法人農業科技研究院設置提出質詢。,http://lis.ly.gov.tw/lgcgi/lypdftxt?10106301;0208;0212
2012-10-30,08-02-YS-06,趙天麟,debate,．就退休軍公教人員年終慰問金提出質詢。．就行政首長特別費編列提出質詢。．就高雄環狀輕軌建設提出質詢。,http://lis.ly.gov.tw/lgcgi/lypdftxt?10106301;0212;0220
2012-10-30,08-02-YS-06,孔文吉,debate,．就管制處罰盜伐者提出質詢。．就漂流木標售提出質詢。．就原住民鄉鎮道路橋樑重建提出質詢。,http://lis.ly.gov.tw/lgcgi/lypdftxt?10106301;0220;0223
2012-10-30,08-02-YS-06,高志鵬,debate,．就退休軍公教人員年終慰問金提出質詢。．就經濟動能推升方案提出質詢。．就反傾銷稅課徵提出質詢。,http://lis.ly.gov.tw/lgcgi/lypdftxt?10106301;0223;0227
2012-10-30,08-02-YS-06,王惠美,debate,．就改善人才落差提出質詢。．就學生營養午餐推廣有機蔬菜提出質詢。,http://lis.ly.gov.tw/lgcgi/lypdftxt?10106301;0227;0231
2012-10-30,08-02-YS-06,邱議瑩,debate,．就毛豆專業區之土地提出質詢。．就高屏地區自來水漏水率提出質詢。,http://lis.ly.gov.tw/lgcgi/lypdftxt?10106301;0231;0235
2012-10-26,08-02-YS-06,高金素梅,debate,．就原鄉基礎建設提出質詢。．就治水防災預算與財政劃分提出質詢。．就原住民自治法提出質詢。,http://lis.ly.gov.tw/lgcgi/lypdftxt?10106301;0047;0054
2012-10-26,08-02-YS-06,孔文吉,debate,．就當前股市運作提出質詢。．就原住民自治法提出質詢。,http://lis.ly.gov.tw/lgcgi/lypdftxt?10106301;0054;0058
2012-10-26,08-02-YS-06,盧嘉辰,debate,．就勞保擠兌提出質詢。．就企業回台投資提出質詢。,http://lis.ly.gov.tw/lgcgi/lypdftxt?10106301;0058;0060
2012-10-26,08-02-YS-06,簡東明,debate,．就原住民自治法提出質詢。．就族群語言推動提出質詢。,
2012-10-26,08-02-YS-06,鄭天財,debate,．就原住民失業問題提出質詢。．就原住民工作權保障提出質詢。．就增劃編原住民保留地計畫提出質詢。,http://lis.ly.gov.tw/lgcgi/lypdftxt?10106301;0064;0067
2012-10-26,08-02-YS-06,吳育昇,debate,書面質詢．就政府應持續穩定物價提出質詢。．就發展無煙囪工業觀光旅遊經濟提出質詢。．就建立健全勞保機制提出質詢。．就整合全國育兒福利提出質詢。．就推動「淡水捷運延伸線」計畫提出質詢。,http://lis.ly.gov.tw/lgcgi/lypdftxt?10106301;0067;0073
2012-10-26,08-02-YS-06,王進士,debate,．就行政團隊整合提出質詢。．就政策推行提出質詢。,http://lis.ly.gov.tw/lgcgi/lypdftxt?10106301;0073;0075
2012-10-26,08-02-YS-06,呂玉玲,debate,．就退休軍公教人員年終慰問金提出質詢。．就普悠瑪車廂規格提出質詢。．就護理機構之消防措施提出質詢。,http://lis.ly.gov.tw/lgcgi/lypdftxt?10106301;0075;0079
2012-10-26,08-02-YS-06,張曉風,debate,．就國家債務償還標準提出質詢。．就土地承載力調整提出質詢。．就社會住宅提出質詢。,http://lis.ly.gov.tw/lgcgi/lypdftxt?10106301;0079;0083
2012-10-26,08-02-YS-06,邱議瑩,debate,．就林益世起訴案提出質詢。．就陸委會臉書設置提出質詢。．就大陸相關商業活動廣告提出質詢。,http://lis.ly.gov.tw/lgcgi/lypdftxt?10106301;0083;0087
2012-10-26,08-02-YS-06,謝國樑,debate,．就基隆都市更新計畫提出質詢。．就新北市與基隆市合併提出質詢。,http://lis.ly.gov.tw/lgcgi/lypdftxt?10106301;0087;0090
2012-10-26,08-02-YS-06,魏明谷,debate,．就國民旅遊卡措施提出質詢。．就老人休閒設施設置提出質詢。．就老人裝假牙標準提出質詢。,http://lis.ly.gov.tw/lgcgi/lypdftxt?10106301;0090;0094
2012-10-26,08-02-YS-06,尤美女,debate,．就台商回台投資提出質詢。．就中資來台之影響評估提出質詢。,http://lis.ly.gov.tw/lgcgi/lypdftxt?10106301;0094;0098
2012-10-26,08-02-YS-06,林世嘉,debate,．就國家債務提出質詢。．就長期照護之規劃提出質詢。．就公費疫苗之診察費規劃提出質詢。,http://lis.ly.gov.tw/lgcgi/lypdftxt?10106301;0098;0102
2012-10-26,08-02-YS-06,姚文智,debate,．就普悠瑪車廂規格提出質詢。．就桃園航空城計畫提出質詢。．就松山機場園區廊道計畫提出質詢。．就勞保撥補提出質詢。,http://lis.ly.gov.tw/lgcgi/lypdftxt?10106301;0102;0107
2012-10-26,08-02-YS-06,陳學聖,debate,．就蘭嶼核廢料處置提出質詢。．就退休軍公教人員年終慰問金提出質詢。,http://lis.ly.gov.tw/lgcgi/lypdftxt?10106301;0107;0112
2012-10-26,08-02-YS-06,馬文君,debate,．就消防業務分配規範提出質詢。．就公務人員獎懲制度提出質詢。．就政府採購法實務之調整提出質詢。．就山難救援配備提出質詢。,http://lis.ly.gov.tw/lgcgi/lypdftxt?10106301;0112;0115
2012-10-23,08-02-YS-05,蔡錦隆,debate,．就退休軍公教人員年終慰問金提出質詢。．就勞保「政府負最終支付責任」入法提出質詢。．就航空城建設提出質詢。．就酒駕肇事補償提出質詢。．就建教合作管理提出質詢。,http://lis.ly.gov.tw/lgcgi/lypdftxt?10106001;0137;0143
2012-10-23,08-02-YS-05,楊應雄,debate,．就新營醫院北門分院火災處理提出質詢。．就退休軍公教人員年終慰問金提出質詢。．就釣魚台列入法規提出質詢。．就金門基礎建設提出質詢。．就陸客至金門之簽證提出質詢。,http://lis.ly.gov.tw/lgcgi/lypdftxt?10106001;0143;0150
2012-10-23,08-02-YS-05,林淑芬,debate,．就退休軍公教人員年終慰問金提出質詢。．就勞保財務挸劃提出質詢。．就稅改政策提出質詢。．就廢棄物非法棄置之管理提出質詢。書面質詢。,http://lis.ly.gov.tw/lgcgi/lypdftxt?10106001;0150;0171
2012-10-23,08-02-YS-05,吳秉叡,debate,．就退休軍公教人員年終慰問金提出質詢。．就國家電影文化中心規劃提出質詢。．就新莊捷運線提出質詢。,http://lis.ly.gov.tw/lgcgi/lypdftxt?10106001;0171;0179
2012-10-23,08-02-YS-05,江啟臣,debate,．就進口水果關稅提出質詢。．就酒醉駕車防制提出質詢。．就職業棒球發展提出質詢。．就人才培育規劃提出質詢。,http://lis.ly.gov.tw/lgcgi/lypdftxt?10106001;0179;0185
2012-10-23,08-02-YS-05,王育敏,debate,．就護理機構之緊急處置提出質詢。．就因應高齡化之策略方案提出質詢。．就兒童肥胖現象提出質詢。．就兒童醫療資源提出質詢。,http://lis.ly.gov.tw/lgcgi/lypdftxt?10106001;0185;0192
2012-10-23,08-02-YS-05,陳碧涵,debate,．就職業棒球經營提出質詢。．就青年失業提出質詢。．就客家文化資源及人才進用提出質詢。．就落實客家基本法提出質詢。．就文化外交推廣提出質詢。,http://lis.ly.gov.tw/lgcgi/lypdftxt?10106001;0192;0198
2012-10-16,08-02-YS-04,黃文玲,debate,行政院院長、主計長、財政部部長列席報告「102年度中央政府總預算案」編製經過並備質詢。,http://lis.ly.gov.tw/lgcgi/lypdftxt?10105701;0185;0188
2012-10-16,08-02-YS-04,許添財,debate,行政院院長、主計長、財政部部長列席報告「102年度中央政府總預算案」編製經過並備質詢。,http://lis.ly.gov.tw/lgcgi/lypdftxt?10105701;0188;0192
2012-10-16,08-02-YS-04,林淑芬,debate,行政院院長、主計長、財政部部長列席報告「102年度中央政府總預算案」編製經過並備質詢。,http://lis.ly.gov.tw/lgcgi/lypdftxt?10105701;0192;0203
2012-10-16,08-02-YS-04,林滄敏,debate,行政院院長、主計長、財政部部長列席報告「102年度中央政府總預算案」編製經過並備質詢。,http://lis.ly.gov.tw/lgcgi/lypdftxt?10105701;0203;0207
2012-10-16,08-02-YS-04,徐欣瑩,debate,行政院院長、主計長、財政部部長列席報告「102年度中央政府總預算案」編製經過並備質詢。,http://lis.ly.gov.tw/lgcgi/lypdftxt?10105701;0207;0210
2012-10-16,08-02-YS-04,曾巨威,debate,行政院院長、主計長、財政部部長列席報告「102年度中央政府總預算案」編製經過並備質詢。,http://lis.ly.gov.tw/lgcgi/lypdftxt?10105701;0210;0215
2012-10-16,08-02-YS-04,尤美女,debate,行政院院長、主計長、財政部部長列席報告「102年度中央政府總預算案」編製經過並備質詢。,http://lis.ly.gov.tw/lgcgi/lypdftxt?10105701;0215;0218
2012-10-16,08-02-YS-04,田秋堇,debate,行政院院長、主計長、財政部部長列席報告「102年度中央政府總預算案」編製經過並備質詢。,http://lis.ly.gov.tw/lgcgi/lypdftxt?10105701;0218;0222
2012-10-16,08-02-YS-04,陳超明,debate,行政院院長、主計長、財政部部長列席報告「102年度中央政府總預算案」編製經過並備質詢。,http://lis.ly.gov.tw/lgcgi/lypdftxt?10105701;0222;0226
2012-10-16,08-02-YS-04,翁重鈞,debate,行政院院長、主計長、財政部部長列席報告「102年度中央政府總預算案」編製經過並備質詢。,http://lis.ly.gov.tw/lgcgi/lypdftxt?10105701;0226;0229
2012-10-16,08-02-YS-04,林德福,debate,行政院院長、主計長、財政部部長列席報告「102年度中央政府總預算案」編製經過並備質詢。,http://lis.ly.gov.tw/lgcgi/lypdftxt?10105701;0229;0233
2012-10-16,08-02-YS-04,審計長林慶隆報告,report,審計長列席報告「中華民國 100 年度中央政府總決算審核報告（含附屬單位決算及綜計表）、中華民國100 年度中央政府振興經濟擴大公共建設特別決算審核報告、中央政府石門水庫及其集水區整治計畫第2 期特別決算審核報告（民國98 至100 年度）」等案審核經過並備諮詢。,http://lis.ly.gov.tw/lgcgi/lypdftxt?10105701;0253;0262
2012-10-16,08-02-YS-04,高金素梅,debate,行政院院長、主計長、財政部部長列席報告「102年度中央政府總預算案」編製經過並備質詢。,http://lis.ly.gov.tw/lgcgi/lypdftxt?10105701;0262;0264
2012-10-16,08-02-YS-04,黃偉哲,debate,行政院院長、主計長、財政部部長列席報告「102年度中央政府總預算案」編製經過並備質詢。 ,http://lis.ly.gov.tw/lgcgi/lypdftxt?10105701;0265;0269
2012-10-16,08-02-YS-04,賴士葆,debate,行政院院長、主計長、財政部部長列席報告「102年度中央政府總預算案」編製經過並備質詢。,http://lis.ly.gov.tw/lgcgi/lypdftxt?10105701;0269;0273
2012-10-16,08-02-YS-04,許忠信,debate,行政院院長、主計長、財政部部長列席報告「102年度中央政府總預算案」編製經過並備質詢。,http://lis.ly.gov.tw/lgcgi/lypdftxt?10105701;0273;0276
2012-10-16,08-02-YS-04,李桐豪,debate,行政院院長、主計長、財政部部長列席報告「102年度中央政府總預算案」編製經過並備質詢。,http://lis.ly.gov.tw/lgcgi/lypdftxt?10105701;0276;0279
2012-10-16,08-02-YS-04,林佳龍,debate,行政院院長、主計長、財政部部長列席報告「102年度中央政府總預算案」編製經過並備質詢。,http://lis.ly.gov.tw/lgcgi/lypdftxt?10105701;0279;0283
2012-10-16,08-02-YS-04,林世嘉,debate,行政院院長、主計長、財政部部長列席報告「102年度中央政府總預算案」編製經過並備質詢。,http://lis.ly.gov.tw/lgcgi/lypdftxt?10105701;0283;0287
2012-10-16,08-02-YS-04,蔡煌瑯,debate,行政院院長、主計長、財政部部長列席報告「102年度中央政府總預算案」編製經過並備質詢。,http://lis.ly.gov.tw/lgcgi/lypdftxt?10105701;0287;0291
2012-10-16,08-02-YS-04,鄭汝芬,debate,行政院院長、主計長、財政部部長列席報告「102年度中央政府總預算案」編製經過並備質詢。,http://lis.ly.gov.tw/lgcgi/lypdftxt?10105701;0291;0294
2012-10-16,08-02-YS-04,孔文吉,debate,行政院院長、主計長、財政部部長列席報告「102年度中央政府總預算案」編製經過並備質詢。,http://lis.ly.gov.tw/lgcgi/lypdftxt?10105701;0294;0297
2012-10-16,08-02-YS-04,楊麗環,debate,行政院院長、主計長、財政部部長列席報告「102年度中央政府總預算案」編製經過並備質詢。,http://lis.ly.gov.tw/lgcgi/lypdftxt?10105701;0297;0301
2012-10-15,08-02-YS-04,行政院長陳冲報告,report,行政院院長、主計長、財政部部長列席報告「102年度中央政府總預算案」編製經過並備質詢。,http://lis.ly.gov.tw/lgcgi/lypdftxt?10105701;0097;0100
2012-10-15,08-02-YS-04,主計長石素梅報告,report,行政院院長、主計長、財政部部長列席報告「102年度中央政府總預算案」編製經過並備質詢。,http://lis.ly.gov.tw/lgcgi/lypdftxt?10105701;0100;0103
2012-10-15,08-02-YS-04,財政部長張盛和報告,report,行政院院長、主計長、財政部部長列席報告「102年度中央政府總預算案」編製經過並備質詢。,http://lis.ly.gov.tw/lgcgi/lypdftxt?10105701;0103;0106
2012-10-15,08-02-YS-04,高金素梅,debate,行政院院長、主計長、財政部部長列席報告「102年度中央政府總預算案」編製經過並備質詢。,http://lis.ly.gov.tw/lgcgi/lypdftxt?10105701;0107;0109
2012-10-15,08-02-YS-04,林正二;李桐豪,debate,行政院院長、主計長、財政部部長列席報告「102年度中央政府總預算案」編製經過並備質詢。,http://lis.ly.gov.tw/lgcgi/lypdftxt?10105701;0109;0115
2012-10-15,08-02-YS-04,潘孟安,debate,行政院院長、主計長、財政部部長列席報告「102年度中央政府總預算案」編製經過並備質詢。 ,http://lis.ly.gov.tw/lgcgi/lypdftxt?10105701;0115;0120
2012-10-15,08-02-YS-04,盧秀燕,debate,行政院院長、主計長、財政部部長列席報告「102年度中央政府總預算案」編製經過並備質詢。 ,http://lis.ly.gov.tw/lgcgi/lypdftxt?10105701;0120;0124
2012-10-15,08-02-YS-04,林世嘉,debate,行政院院長、主計長、財政部部長列席報告「102年度中央政府總預算案」編製經過並備質詢。,http://lis.ly.gov.tw/lgcgi/lypdftxt?10105701;0124;0128
2012-10-15,08-02-YS-04,蔡其昌,debate,行政院院長、主計長、財政部部長列席報告「102年度中央政府總預算案」編製經過並備質詢。 ,http://lis.ly.gov.tw/lgcgi/lypdftxt?10105701;0128;0134
2012-10-15,08-02-YS-04,羅明才,debate,行政院院長、主計長、財政部部長列席報告「102年度中央政府總預算案」編製經過並備質詢。 ,http://lis.ly.gov.tw/lgcgi/lypdftxt?10105701;0134;0140
2012-10-15,08-02-YS-04,許忠信,debate,行政院院長、主計長、財政部部長列席報告「102年度中央政府總預算案」編製經過並備質詢。,http://lis.ly.gov.tw/lgcgi/lypdftxt?10105701;0140;0142
2012-10-15,08-02-YS-04,李俊俋,debate,行政院院長、主計長、財政部部長列席報告「102年度中央政府總預算案」編製經過並備質詢。,http://lis.ly.gov.tw/lgcgi/lypdftxt?10105701;0143;0148
2012-10-15,08-02-YS-04,陳其邁,debate,行政院院長、主計長、財政部部長列席報告「102年度中央政府總預算案」編製經過並備質詢。,http://lis.ly.gov.tw/lgcgi/lypdftxt?10105701;0148;0152
2012-10-15,08-02-YS-04,孔文吉,debate,行政院院長、主計長、財政部部長列席報告「102年度中央政府總預算案」編製經過並備質詢。,http://lis.ly.gov.tw/lgcgi/lypdftxt?10105701;0152;0155
2012-10-15,08-02-YS-04,廖正井,debate,行政院院長、主計長、財政部部長列席報告「102年度中央政府總預算案」編製經過並備質詢。,http://lis.ly.gov.tw/lgcgi/lypdftxt?10105701;0155;0159
2012-10-15,08-02-YS-04,蔣乃辛,debate,行政院院長、主計長、財政部部長列席報告「102年度中央政府總預算案」編製經過並備質詢。,http://lis.ly.gov.tw/lgcgi/lypdftxt?10105701;0159;0163
2012-10-15,08-02-YS-04,林岱樺,debate,行政院院長、主計長、財政部部長列席報告「102年度中央政府總預算案」編製經過並備質詢。,http://lis.ly.gov.tw/lgcgi/lypdftxt?10105701;0163;0167
2012-10-15,08-02-YS-04,管碧玲,debate,行政院院長、主計長、財政部部長列席報告「102年度中央政府總預算案」編製經過並備質詢。,http://lis.ly.gov.tw/lgcgi/lypdftxt?10105701;0167;0173
2012-10-15,08-02-YS-04,賴士葆,debate,行政院院長、主計長、財政部部長列席報告「102年度中央政府總預算案」編製經過並備質詢。,http://lis.ly.gov.tw/lgcgi/lypdftxt?10105701;0173;0177
2012-10-15,08-02-YS-04,江啟臣,debate,行政院院長、主計長、財政部部長列席報告「102年度中央政府總預算案」編製經過並備質詢。,http://lis.ly.gov.tw/lgcgi/lypdftxt?10105701;0177;0180
2012-10-15,08-02-YS-04,潘維剛,debate,行政院院長、主計長、財政部部長列席報告「102年度中央政府總預算案」編製經過並備質詢。,http://lis.ly.gov.tw/lgcgi/lypdftxt?10105701;0180;0184
2012-10-12,08-02-YS-04,李昆澤,debate,．就勞保基金規劃提出質詢。．就二代健保補充保費費率提出質詢。．就勞工工時及工資提出質詢。,http://lis.ly.gov.tw/lgcgi/lypdftxt?10105701;0043;0050
2012-10-12,08-02-YS-04,邱文彥,debate,．就東海和平倡議提出質詢。．就漁業談判提出質詢。．就國土規劃相關法案提出質詢。．就客家聚落文化保存提出質詢。．就原住民族文化與權益提出質詢。,http://lis.ly.gov.tw/lgcgi/lypdftxt?10105701;0050;0055
2012-10-12,08-02-YS-04,費鴻泰,debate,．就勞保基金規劃提出質詢。．就二代健保提出質詢。．就故宮周圍設置加油站提出質詢。．就放寬外資投資提出質詢。,http://lis.ly.gov.tw/lgcgi/lypdftxt?10105701;0056;0061
2012-10-12,08-02-YS-04,陳節如,debate,．就二代健保補充保費費率提出質詢。．就金融稅制規劃提出質詢。．就外勞外派提出質詢。．就社會住宅提出質詢。,http://lis.ly.gov.tw/lgcgi/lypdftxt?10105701;0061;0069
2012-10-12,08-02-YS-04,陳其邁,debate,．就財經政策提出質詢。．就開放陸客來台觀光提出質詢。．就開放中資提出質詢。．就政府財政赤字提出質詢。,http://lis.ly.gov.tw/lgcgi/lypdftxt?10105701;0069;0077
2012-10-12,08-02-YS-04,徐少萍,debate,．就政務官政治責任提出質詢。．就行政部門政策共識提出質詢。．就基隆市區域建設提出質詢。．就勞保基金規劃提出質詢。．就基本工資提出質詢。．就七堵轉運站補助款提出質詢。,http://lis.ly.gov.tw/lgcgi/lypdftxt?10105701;0077;0085
2012-10-12,08-02-YS-04,陳根德,debate,．就高速公路計程收費提出質詢。．就前總統保外就醫提出質詢。．就航空城計畫提出質詢。．就金融卡利率結構提出質詢。,http://lis.ly.gov.tw/lgcgi/lypdftxt?10105701;0085;0089
2012-10-12,08-02-YS-04,孫大千,debate,．就二代健保補充保費費率提出質詢。．就我國與新加坡之外交關係提出質詢。．就中科四期開發案之判決提出質詢。．就勞工政策提出質詢。,http://lis.ly.gov.tw/lgcgi/lypdftxt?10105701;0089;0096
2012-10-09,08-02-YS-03,楊瓊瓔,debate,．就行政院發言人人選提出質詢。．就國產品標章宣導提出質詢。．就國際花卉博覽會經費補助提出質詢。,http://lis.ly.gov.tw/lgcgi/lypdftxt?10105501;0131;0138
2012-10-09,08-02-YS-03,鄭麗君,debate,．就行政團隊運作提出質詢。．就基本工資提出質詢。．就外勞核配比例提出質詢。．就投資環境提出質詢。,http://lis.ly.gov.tw/lgcgi/lypdftxt?10105501;0138;0148
2012-10-09,08-02-YS-03,翁重鈞,debate,．就休耕地活化政策提出質詢。．就故宮南院工程提出質詢。．就水上機場直航包機提出質詢。．就司法救濟個案提出質詢。,http://lis.ly.gov.tw/lgcgi/lypdftxt?10105501;0148;0155
2012-10-09,08-02-YS-03,蘇清泉,debate,．就南迴鐵路強化建設提出質詢。．就大鵬灣開發案提出質詢。．就前總統戒護就醫提出質詢。．就海外僑胞健保提出質詢。,http://lis.ly.gov.tw/lgcgi/lypdftxt?10105501;0155;0161
2012-10-09,08-02-YS-03,吳育仁,debate,．就自由經濟示範區規劃提出質詢。．就基本工資提出質詢。．就六輕環境影響評估提出質詢。．就國軍訓練基地開放參觀提出質詢。．就青年農民議題提出質詢。,http://lis.ly.gov.tw/lgcgi/lypdftxt?10105501;0161;0166
2012-10-09,08-02-YS-03,葉宜津,debate,．就基本工資提出質詢。．就十二年國教措施提出質詢。．就國道計程收費政策提出質詢。,http://lis.ly.gov.tw/lgcgi/lypdftxt?10105501;0195;0203
2012-10-09,08-02-YS-03,楊曜,debate,．就離島機票票價提出質詢。．就兩岸航線分配提出質詢。．就外籍漁工勞健保提出質詢。．就軍公教離島加級提出質詢。,http://lis.ly.gov.tw/lgcgi/lypdftxt?10105501;0203;0209
2012-10-09,08-02-YS-03,蔡正元,debate,．就勞健保費補助款提出質詢。．就博物館周圍設置加油站提出質詢。．就醫療除罪化提出質詢。,http://lis.ly.gov.tw/lgcgi/lypdftxt?10105501;0209;0217
2012-10-09,08-02-YS-03,鄭汝芬,debate,．就外勞進用比例提出質詢。．就人才外移提出質詢。．就技職教育提出質詢。．就中科四期環境影響評估提出質詢。,http://lis.ly.gov.tw/lgcgi/lypdftxt?10105501;0217;0223
2012-10-09,08-02-YS-03,徐欣瑩,debate,．就勞保基金運作提出質詢。．就急重症醫學中心規劃提出質詢。．就台北六本木規劃提出質詢。．就落實毒品防制提出質詢。,http://lis.ly.gov.tw/lgcgi/lypdftxt?10105501;0223;0229
2012-10-09,08-02-YS-03,蘇震清,debate,．就政務官減薪提出質詢。．就勞保基金運作提出質詢。．就休耕地活化提出質詢。．就農路修補費用編列提出質詢。,http://lis.ly.gov.tw/lgcgi/lypdftxt?10105501;0229;0237
2012-10-09,08-02-YS-03,林佳龍,debate,．就政府體制提出質詢。．就行政院長法定職權提出質詢。,http://lis.ly.gov.tw/lgcgi/lypdftxt?10105501;0237;0244
2012-10-05,08-02-YS-03,陳歐珀,debate,．就基本工資提出質詢。．就宜蘭醫療資源提出質詢。．就宜蘭文創園區規劃提出質詢。．就宜蘭觀光建設提出質詢。,http://lis.ly.gov.tw/lgcgi/lypdftxt?10105501;0065;0071
2012-10-05,08-02-YS-03,段宜康,debate,．就觀光政策提出質詢。．就旅遊團管理提出質詢。．就旅行社營運提出質詢。,http://lis.ly.gov.tw/lgcgi/lypdftxt?10105501;0071;0078
2012-10-05,08-02-YS-03,賴士葆,debate,．就行政首長滿意度調查提出質詢。．就陸資管制提出質詢。．就統籌分配稅款提出質詢。．就休耕地活化政策提出質詢。,http://lis.ly.gov.tw/lgcgi/lypdftxt?10105501;0078;0085
2012-10-05,08-02-YS-03,林郁方,debate,．就行政倫理提出質詢。．就太平島機場跑道延長提出質詢。．就海巡署組織再造提出質詢。．就海域鑽探提出質詢。,http://lis.ly.gov.tw/lgcgi/lypdftxt?10105501;0085;0091
2012-10-05,08-02-YS-03,羅淑蕾,debate,．就貸款延長提出質詢。．就內閣溝通提出質詢。．就油電雙漲政策提出質詢。．就二代健保提出質詢。．就國營事業管理提出質詢。,http://lis.ly.gov.tw/lgcgi/lypdftxt?10105501;0092;0099
2012-10-05,08-02-YS-03,田秋堇,debate,．就核電廠安全提出質詢。．就再生能源發展提出質詢。．就電廠發電量資訊提出質詢。．就美麗灣違建開發提出質詢。,http://lis.ly.gov.tw/lgcgi/lypdftxt?10105501;0099;0107
2012-10-05,08-02-YS-03,李俊俋,debate,．就內閣人事管理提出質詢。．就財政收支劃分提出質詢。．就陳前總統保外就醫提出質詢。,http://lis.ly.gov.tw/lgcgi/lypdftxt?10105501;0107;0118
2012-10-05,08-02-YS-03,張慶忠,debate,書面質詢：．就台電改革及核四提出質詢。．就警察都會加給及職等提出質詢。．就都市更新條例修正提出質詢。．就都市人口壅塞提出質詢。．就高速公路及國道電子收費提出質詢。．就救災及災後復原提出質詢。．就南海衝突提出質詢。,http://lis.ly.gov.tw/lgcgi/lypdftxt?10105501;0118;0130
2012-10-02,08-02-YS-02,黃文玲,debate,．就物價上漲提出質詢。．就基本工資提出質詢。．就兩岸政策提出質詢。,http://lis.ly.gov.tw/lgcgi/lypdftxt?10105201;0323;0331
2012-10-02,08-02-YS-02,李鴻鈞,debate,．就基本工資提出質詢。．就觀光產業提出質詢。．就企業回台投資提出質詢。．就政府組織再造提出質詢。．就高速公路電子收費系統提出質詢。,http://lis.ly.gov.tw/lgcgi/lypdftxt?10105201;0332;0337
2012-10-02,08-02-YS-02,蔡其昌,debate,．就經濟發展提出質詢。．就官派官股之董監事提出質詢。．就兩岸關係提出質詢。,http://lis.ly.gov.tw/lgcgi/lypdftxt?10105201;0337;0349
2012-10-02,08-02-YS-02,李應元,debate,．就釣魚台爭議提出質詢。．就企業回台投資提出質詢。．就公共建設預算提出質詢。．就財政收支劃分法修正提出質詢。．就中科廢水污染提出質詢。,http://lis.ly.gov.tw/lgcgi/lypdftxt?10105201;0349;0358
2012-10-02,08-02-YS-02,李貴敏,debate,．就經濟發展提出質詢。．就投資抵減提出質詢。．就立法引用資料提出質詢。,http://lis.ly.gov.tw/lgcgi/lypdftxt?10105201;0358;0365
2012-10-02,08-02-YS-02,陳鎮湘,debate,．就核四工程管理提出質詢。．就石化工業產能提出質詢。．就僑務工作提出質詢。．就募兵制政策提出質詢。,http://lis.ly.gov.tw/lgcgi/lypdftxt?10105201;0397;0402
2012-10-02,08-02-YS-02,黃志雄,debate,．就印尼重大意外傷亡提出質詢。．就經濟發展提出質詢。．就反核議題提出質詢。．就體育預算提出質詢。．就萬大樹林捷運線工程提出質詢。,http://lis.ly.gov.tw/lgcgi/lypdftxt?10105201;0402;0410
2012-10-02,08-02-YS-02,陳明文,debate,．就物價上漲提出質詢。．就內閣人事調整提出質詢。．就農地再生計畫提出質詢。．就故宮南院計畫提出質詢。,http://lis.ly.gov.tw/lgcgi/lypdftxt?10105201;0410;0417
2012-10-02,08-02-YS-02,劉櫂豪,debate,．就兩岸事務提出質詢。．就台東交通建設及醫療建設提出質詢。．就核廢料處置場場址提出質詢。,http://lis.ly.gov.tw/lgcgi/lypdftxt?10105201;0417;0425
2012-10-02,08-02-YS-02,丁守中,debate,．就觀光醫療健檢政策提出質詢。．就境內港口入境簽證提出質詢。．就財政收支劃分提出質詢。．就「經國七海文化園區」規劃提出質詢。．就海外招商活動提出質詢。．就核四存廢提出質詢。,http://lis.ly.gov.tw/lgcgi/lypdftxt?10105201;0425;0432
2012-10-02,08-02-YS-02,張嘉郡,debate,．就財政收支劃分提出質詢。．就水患治理預算提出質詢。．就青年返鄉務農政策提出質詢。．就國有土地活化提出質詢。,http://lis.ly.gov.tw/lgcgi/lypdftxt?10105201;0432;0439
2012-10-02,08-02-YS-02,陳超明,debate,．就苗栗醫療資源提出質詢。．就農路之預算編列提出質詢。．就成立客家地區職業訓練中心提出質詢。．就國土復育議題提出質詢。．就產業結構調整提出質詢。,http://lis.ly.gov.tw/lgcgi/lypdftxt?10105201;0439;0446
2012-09-28,08-02-YS-02,柯建銘,debate,．就對行政院院長提出不信任案提出質詢。．就國營事業管理提出質詢。．就基本工資提出質詢。,http://lis.ly.gov.tw/lgcgi/lypdftxt?10105201;0274;0280
2012-09-28,08-02-YS-02,蔣乃辛,debate,．就經濟景氣提出質詢。．就基本工資提出質詢。．就內閣改組提出質詢。．就青年失業率提出質詢。,http://lis.ly.gov.tw/lgcgi/lypdftxt?10105201;0280;0286
2012-09-28,08-02-YS-02,林正二,debate,．就電價未凍漲提出質詢。．就青年失業率提出質詢。．就蘭嶼島核廢料提出質詢。．就原住民族自治法提出質詢。,http://lis.ly.gov.tw/lgcgi/lypdftxt?10105201;0287;0292
2012-09-28,08-02-YS-02,潘孟安,debate,．就基本工資提出質詢。．就投資抵減提出質詢。．就國家債務提出質詢。,http://lis.ly.gov.tw/lgcgi/lypdftxt?10105201;0292;0302
2012-09-28,08-02-YS-02,江惠貞,debate,．就基本工資提出質詢。．就大學評鑑提出質詢。．就產學政策提出質詢。．就公債法修法提出質詢。．就行政區域重劃提出質詢。．就二代健保提出質詢。,http://lis.ly.gov.tw/lgcgi/lypdftxt?10105201;0302;0310
2012-09-28,08-02-YS-02,盧秀燕,debate,．就廢除汽機車定期換照提出質詢。．就基本工資提出質詢。．就釣魚台護漁裝備提出質詢。,http://lis.ly.gov.tw/lgcgi/lypdftxt?10105201;0310;0317
2012-09-28,08-02-YS-02,林鴻池,debate,．就基本工資提出質詢。．就積欠工資墊償基金提出質詢。．就大台北新劇院招商提出質詢。．就推動電子病歷提出質詢。．就新移民之輔導措施提出質詢。,http://lis.ly.gov.tw/lgcgi/lypdftxt?10105201;0317;0322
2012-04-17,08-01-YS-07,楊玉欣,debate,．就落實安貧與脫貧之政策提出質詢。．就健全公共照顧服務體系提出質詢。．就針對身心障礙（icf）的鑑定需求評估新制提出質詢。．就落實社會福利資源窗口單一化提出質詢。．書面質詢,http://lis.ly.gov.tw/ttscgi/qrimg?@1012100;0069;0094
2012-04-17,08-01-YS-07,黃昭順,debate,．就物價調漲提出質詢。．就電價調整對傳統及高科技產業之影響提出質詢。,http://lis.ly.gov.tw/ttscgi/qrimg?@1012100;0094;0097
2012-04-17,08-01-YS-07,廖國棟,debate,．就重視市場價格異常波動提出質詢。．就健保費費用不足提出質詢。．就醫療人力排除責任制提出質詢。,http://lis.ly.gov.tw/ttscgi/qrimg?@1012100;0097;0102
2012-04-17,08-01-YS-07,張曉風,debate,．就環境保護的推動提出質詢。．就中科四期用水問題提出質詢。．就202兵工廠工程提出質詢。,http://lis.ly.gov.tw/ttscgi/qrimg?@1012100;0102;0106
2012-04-17,08-01-YS-07,林世嘉,debate,．就社會救助補助弱勢族群健保費用提出質詢。．就參加who會議提出質詢。．就偏鄉醫療計畫提出質詢。,http://lis.ly.gov.tw/ttscgi/qrimg?@1012100;0106;0110
2012-04-17,08-01-YS-07,李昆澤,debate,．就失業率提高提出質詢。．就出生率降低提出質詢。,http://lis.ly.gov.tw/ttscgi/qrimg?@1012100;0110;0114
2012-04-17,08-01-YS-07,林鴻池,debate,書面質詢．就電費調漲後政府之具體改善措施提出質詢。．就全面周休二日及調高基本工資之規劃期程提出質詢。．就補助增加護理人力的預算提出質詢。．就社會福利外勞和長期照護制度提出質詢。．就如何解決長期照護人力短缺提出質詢。,http://lis.ly.gov.tw/ttscgi/qrimg?@1012100;0114;0116
2012-04-17,08-01-YS-07,陳節如,debate,．就社會福利機構電費補貼提出質詢。．就各縣市之社會福利設算制度提出質詢。．就長期照護保險法之規劃提出質詢。．就關於合宜住宅提出質詢。,http://lis.ly.gov.tw/ttscgi/qrimg?@1012100;0116;0123
2012-04-17,08-01-YS-07,鄭麗君,debate,．就總統進行國情報告提出質詢。．就電價調漲提出質詢。．就核二廠故障提出質詢。．就中科四期用水問題提出質詢。,http://lis.ly.gov.tw/ttscgi/qrimg?@1012100;0123;0128
2012-04-13,08-01-YS-07,呂學樟,debate,．就內閣施政民調提出質詢。．就電價調漲提出質詢。．就士林文林苑都更案提出質詢。．就人才培育政策提出質詢。．就推動新竹港轉型為商港提出質詢。,http://lis.ly.gov.tw/ttscgi/qrimg?@1012100;0034;0041
2012-04-13,08-01-YS-07,陳唐山,debate,．就特赦陳水扁提出質詢。書面質詢．就任意更換承審法官提出質詢。．就違反「偵查不公開原則」提出質詢。．就陳水扁案審判結果傷害人民對司法的信賴提出質詢。．就不尊重正當法律程序提出質詢。．就司法政治化的危機提出質詢。,http://lis.ly.gov.tw/ttscgi/qrimg?@1012100;0041;0045
2012-04-13,08-01-YS-07,紀國棟,debate,．就「保外就醫」及「拒絕收監」提出質詢。．就證所稅開徵後之影響提出質詢。,http://lis.ly.gov.tw/ttscgi/qrimg?@1012100;0045;0049
2012-04-13,08-01-YS-07,紀國棟,debate,楊曜委員質詢（一）,
2012-04-13,08-01-YS-07,紀國棟,debate,．就澎湖漁獲量減少提出質詢。．就澎湖漁民所聘外籍漁工之勞健保問題提出質詢。．就漁業用油之補貼提出質詢。．就澎湖的軍公教離島加給提出質詢。,http://lis.ly.gov.tw/ttscgi/qrimg?@1012100;0049;0052
2012-04-13,08-01-YS-07,劉櫂豪,debate,．就台東之醫療資源提出質詢。．就署立台東醫院成功分院之定位提出質詢。,http://lis.ly.gov.tw/ttscgi/qrimg?@1012100;0052;0056
2012-04-13,08-01-YS-07,劉櫂豪,debate,楊曜委員質詢（二）,
2012-04-13,08-01-YS-07,劉櫂豪,debate,．就澎湖之醫療資源提出質詢。．就支援離島醫療列為醫學中心評定項目提出質詢。,http://lis.ly.gov.tw/ttscgi/qrimg?@1012100;0056;0059
2012-04-13,08-01-YS-07,吳育仁,debate,．就雲林地區河川環境營造計畫提出質詢。．就國營事業依法設有勞工董事提出質詢。．就長期照護制度提出質詢。．就外籍勞工事務管理提出質詢。,http://lis.ly.gov.tw/ttscgi/qrimg?@1012100;0059;0065
2012-04-13,08-01-YS-07,田秋堇,debate,．就汽燃費隨油徵收提出質詢。．就過高的醫療訴訟案件提出質詢。,http://lis.ly.gov.tw/ttscgi/qrimg?@1012100;0065;0068
2012-04-10,08-01-YS-06,陳雪生,debate,．就金門馬祖的建設提出質詢。．就馬祖到馬尾的小三通航線提出質詢。．就東引與馬祖的交通提出質詢。,http://lis.ly.gov.tw/ttscgi/qrimg?@1011701;0123;0125
2012-04-10,08-01-YS-06,顏清標,debate,．就超收汽車燃料稅款項提出質詢。．就徵收汽車燃料費提出質詢。．就監所醫療資源不足提出質詢。．就中央政府遷都台中提出質詢。．就台中都會區之環狀路網連結提出質詢。．就延續台中鐵路高架捷運化路線往南延伸至烏日提出質詢。,http://lis.ly.gov.tw/ttscgi/qrimg?@1011701;0125;0131
2012-04-10,08-01-YS-06,劉櫂豪,debate,．就東部交通建設提出質詢。．就對東部居民交通費用給予補助提出質詢。,http://lis.ly.gov.tw/ttscgi/qrimg?@1011701;0131;0134
2012-04-10,08-01-YS-06,葉宜津,debate,．就物價調漲提出質詢。．就開徵證所稅提出質詢。．就徵收汽車燃料費提出質詢。．就超收汽燃費退費處理提出質詢。,http://lis.ly.gov.tw/ttscgi/qrimg?@1011701;0134;0144
2012-04-10,08-01-YS-06,蔡錦隆,debate,．就開徵證所稅提出質詢。．就國際機場儘速修繕完成提出質詢。．就中清交流道及環中路（台74線）高架銜接部分提出質詢。．就五權西路及五權交流道的交通提出質詢。,http://lis.ly.gov.tw/ttscgi/qrimg?@1011701;0144;0148
2012-04-10,08-01-YS-06,蘇震清,debate,．就屏東建設發展提出質詢。．就國道三號與台27線間規劃交流道提出質詢。．就分期繳納交通罰鍰時不能採總額分期提出質詢。．就徵收汽車燃料費提出質詢。,http://lis.ly.gov.tw/ttscgi/qrimg?@1011701;0148;0152
2012-04-10,08-01-YS-06,楊應雄,debate,．就離島線的航空票價提出質詢。．就金門大橋工程與預算提出質詢。,http://lis.ly.gov.tw/ttscgi/qrimg?@1011701;0152;0155
2012-04-10,08-01-YS-06,吳秉叡,debate,．就新莊交通及建設提出質詢。．就推動國家電影文化中心提出質詢。,http://lis.ly.gov.tw/ttscgi/qrimg?@1011701;0155;0159
2012-04-10,08-01-YS-06,李昆澤,debate,．就物價調漲提出質詢。．就調整基本工資提出質詢。．就公共運輸之票價調整提出質詢。．就高雄鐵路地下化工程預算提出質詢。,http://lis.ly.gov.tw/ttscgi/qrimg?@1011701;0159;0163
2012-04-10,08-01-YS-06,林明溱,debate,．就寬減里程收費提出質詢。．就補助觀光景點之執行成效提出質詢。．就台中國際機場建設提出質詢。,http://lis.ly.gov.tw/ttscgi/qrimg?@1011701;0200;0202
2012-04-10,08-01-YS-06,李慶華,debate,．就物價調漲提出質詢。．就超收汽燃費退費處理提出質詢。．就徵收之油耗標準提出質詢。．就汐止捷運工程提出質詢。．就北宜直線鐵路提出質詢。,http://lis.ly.gov.tw/ttscgi/qrimg?@1011701;0202;0206
2012-04-10,08-01-YS-06,羅明才,debate,．就總統進行國情報告提出質詢。．就物價調漲提出質詢。．就開徵證所稅提出質詢。．就安坑特1號道路工程提出質詢。,http://lis.ly.gov.tw/ttscgi/qrimg?@1011701;0206;0210
2012-04-10,08-01-YS-06,謝國樑,debate,．就基隆興建深水碼頭提出質詢。．就基隆市港區景觀改善提出質詢。,http://lis.ly.gov.tw/ttscgi/qrimg?@1011701;0210;0212
2012-04-10,08-01-YS-06,鄭汝芬,debate,．就水電費用調漲提出質詢。．就食品衛生管理提出質詢。．就桃園國際機場工程提出質詢。．就身心障礙人士之交通問題提出質詢。,http://lis.ly.gov.tw/ttscgi/qrimg?@1011701;0212;0216
2012-04-10,08-01-YS-06,王廷升,debate,．就東部交通建設提出質詢。．就推動花東快速道路建設特別條例及預算提出質詢。,http://lis.ly.gov.tw/ttscgi/qrimg?@1011701;0216;0218
2012-04-10,08-01-YS-06,鄭天財,debate,．就東部交通建設提出質詢。．就設籍花東地區民眾給予優惠票價提出質詢。．就儘速興建花東快速公路提出質詢。．就無線電視全面數位化提出質詢。,http://lis.ly.gov.tw/ttscgi/qrimg?@1011701;0218;0220
2012-04-10,08-01-YS-06,黃昭順,debate,．就經濟示範區規劃提出質詢。．就後勁煉油廠遷廠提出質詢。書面質詢．就縮短南北差異提出質詢。．就立即機動調降證券交易稅提出質詢。．就工安檢查和營運管理鬆散提出質詢。,http://lis.ly.gov.tw/ttscgi/qrimg?@1011701;0221;0234
2012-04-10,08-01-YS-06,陳歐珀,debate,．就宜蘭交通建設提出質詢。．就國道五號免收費提出質詢。,http://lis.ly.gov.tw/ttscgi/qrimg?@1011701;0234;0238
2012-04-10,08-01-YS-06,詹凱臣,debate,．就徵收汽車燃料費提出質詢。．就航空城規劃提出質詢。．就規劃一卡通行提出質詢。,http://lis.ly.gov.tw/ttscgi/qrimg?@1011701;0238;0242
2012-04-10,08-01-YS-06,簡東明,debate,．就造林政策整體調整提出質詢。．就莫拉克颱風災後重建工程提出質詢。,http://lis.ly.gov.tw/ttscgi/qrimg?@1011701;0242;0245
2012-04-10,08-01-YS-06,李應元,debate,．就超收汽燃費退費處理提出質詢。．就雲林高鐵站工程提出質詢。．就雲林地區地層下陷提出質詢。．就工業區土地需求增加提出質詢。．就金門改編為交通部國家風景區提出質詢。,http://lis.ly.gov.tw/ttscgi/qrimg?@1011701;0245;0250
2012-04-06,08-01-YS-06,曾巨威,debate,．就有關經濟發展過程提出質詢。．就行政院長施政理念基礎提出質詢。．就財政、租稅改革及未來發展提出質詢。,http://lis.ly.gov.tw/ttscgi/qrimg?@1011701;0049;0056
2012-04-06,08-01-YS-06,翁重鈞,debate,．就嘉義縣土地問題提出質詢。．就南靖糖廠之生質酒精投資計畫提出質詢。．就牛肉豬肉進口規範提出質詢。,http://lis.ly.gov.tw/ttscgi/qrimg?@1011701;0056;0059
2012-04-06,08-01-YS-06,蔡正元,debate,．就證券交易所得稅提出質詢。．就土地交易所得稅提出質詢。．就能源稅課徵提出質詢。．就食品衛生管理提出質詢。．就美國欲索取美籍居民或美籍國民在各海外銀行存款資料或金融資料提出質詢。,http://lis.ly.gov.tw/ttscgi/qrimg?@1011701;0059;0067
2012-04-06,08-01-YS-06,潘維綱,debate,．就十二年國教經費提出質詢。．就大學學費調整提出質詢。．就經濟成長率提出質詢。．就財政稅制改革提出質詢。,http://lis.ly.gov.tw/ttscgi/qrimg?@1011701;0068;0072
2012-04-06,08-01-YS-06,潘維綱,debate,林佳龍委員質詢（一）,
2012-04-06,08-01-YS-06,潘維綱,debate,．就施政滿意度提出質詢。．就政務官下台提出質詢。,http://lis.ly.gov.tw/ttscgi/qrimg?@1011701;0072;0077
2012-04-06,08-01-YS-06,李應元,debate,．就物價調漲提出質詢。．就住宅政策提出質詢。．就稅制改革提出質詢。,http://lis.ly.gov.tw/ttscgi/qrimg?@1011701;0077;0082
2012-04-06,08-01-YS-06,段宜康,debate,．就人權問題提出質詢。．就組成跨部會專案小組處理轉型正義問題提出質詢。,http://lis.ly.gov.tw/ttscgi/qrimg?@1011701;0082;0090
2012-04-06,08-01-YS-06,段宜康,debate,林佳龍委員質詢（二）,
2012-04-06,08-01-YS-06,段宜康,debate,．就國家文教預算編列提出質詢。．就國中會考提出質詢。．就大學學費調整提出質詢。,http://lis.ly.gov.tw/ttscgi/qrimg?@1011701;0090;0095
2012-04-06,08-01-YS-06,陳淑慧,debate,．就國家人力資源培訓提出質詢。．就人力資源規劃處組織改造提出質詢。．就幼托整合提出質詢。,http://lis.ly.gov.tw/ttscgi/qrimg?@1011701;0095;0101
2012-04-06,08-01-YS-06,林正二,debate,．就原住民幼稚教育提出質詢。．就原住民師資提出質詢。．就原住民繁星計畫提出質詢。．就推動實驗型民族學校提出質詢。,http://lis.ly.gov.tw/ttscgi/qrimg?@1011701;0101;0105
2012-04-06,08-01-YS-06,黃文玲,debate,．就政府誠信提出質詢。．就中科四期引水工程提出質詢。,http://lis.ly.gov.tw/ttscgi/qrimg?@1011701;0105;0109
2012-04-06,08-01-YS-06,黃文玲,debate,張嘉郡委員改提書面質詢,
2012-04-06,08-01-YS-06,黃文玲,debate,(,http://lis.ly.gov.tw/ttscgi/qrimg?@1011701;0109;0109
2012-04-06,08-01-YS-06,張曉風,debate,．就完成及推行中文大辭典提出質詢。．就中科四期用水問題提出質詢。,http://lis.ly.gov.tw/ttscgi/qrimg?@1011701;0109;0113
2012-04-06,08-01-YS-06,徐耀昌,debate,書面質詢．就燃料費改徵可行性提出質詢。．就證所稅有無開徵提出質詢。．就人才培育提出質詢。．就免試入學及特色招生提出質詢。．就大學學費調整提出質詢。．就振興運動計畫提出質詢。．就培育運動選手提出質詢。,http://lis.ly.gov.tw/ttscgi/qrimg?@1011701;0113;0114
2012-04-06,08-01-YS-06,林淑芬,debate,．就中科四期取水工程提出質詢。書面質詢．就青年貧窮化問題提出質詢。．就常態性學雜費調整方案提出質詢。．就高教資源分配提出質詢。．就十二年國教提出質詢。．就免試超額比序提出質詢。,http://lis.ly.gov.tw/ttscgi/qrimg?@1011701;0114;0122
2012-03-27,08-01-YS-05,林淑芬,debate,李貴敏委員質詢（一）,
2012-03-27,08-01-YS-05,林淑芬,debate,．就檢疫報告資訊公開提出質詢。．就法令務實性提出質詢。．就公平法修正提出質詢。,http://lis.ly.gov.tw/ttscgi/qrimg?@1011000;0119;0122
2012-03-27,08-01-YS-05,蔡錦隆,debate,．就物價調漲提出質詢。．就食品安全管理提出質詢。,http://lis.ly.gov.tw/ttscgi/qrimg?@1011000;0122;0125
2012-03-27,08-01-YS-05,林淑芬,debate,．就社會貧富差距提出質詢。．就中資投資公共工程提出質詢。．就國有林地改為非公用提出質詢。,http://lis.ly.gov.tw/ttscgi/qrimg?@1011000;0125;0131
2012-03-27,08-01-YS-05,蘇震清,debate,．就中資投資公共工程提出質詢。．就食品安全管理提出質詢。．就農村建設發展提出質詢,http://lis.ly.gov.tw/ttscgi/qrimg?@1011000;0131;0135
2012-03-27,08-01-YS-05,簡東明,debate,．就農路改善提出質詢。．就造林補助提出質詢。,http://lis.ly.gov.tw/ttscgi/qrimg?@1011000;0135;0138
2012-03-27,08-01-YS-05,黃偉哲,debate,．就電價結構提出質詢。．就政府對疫情處理提出質詢。．就海鷗救難部隊設備提出質詢。,http://lis.ly.gov.tw/ttscgi/qrimg?@1011000;0138;0142
2012-03-27,08-01-YS-05,黃偉哲,debate,林德福委員質詢（一）,
2012-03-27,08-01-YS-05,黃偉哲,debate,．就國安基金運作提出質詢。．就富民經濟提出質詢。．就食品安全管理提出質詢。．就物價調漲提出質詢。,http://lis.ly.gov.tw/ttscgi/qrimg?@1011000;0142;0146
2012-03-27,08-01-YS-05,孔文吉,debate,．就原住民農業超限利用提出質詢。．就原住民農業獎勵造林金提高提出質詢。．就國土賤賣提出質詢。,http://lis.ly.gov.tw/ttscgi/qrimg?@1011000;0146;0149
2012-03-27,08-01-YS-05,羅明才,debate,．就租稅改革提出質詢。．就電價結構提出質詢。．就復徵證所稅提出質詢。．就安坑交通問題提出質詢。,http://lis.ly.gov.tw/ttscgi/qrimg?@1011000;0149;0152
2012-03-27,08-01-YS-05,林明溱,debate,．就利用地熱發電提出質詢。．就國有林地變更為非公用財產提出質詢。．就農路維持費編列提出質詢。,http://lis.ly.gov.tw/ttscgi/qrimg?@1011000;0152;0155
2012-03-27,08-01-YS-05,鄭汝芬,debate,．就中科四期用水問題提出質詢。．就肥料價格補助提出質詢。．就政府對疫情處理提出質詢。,http://lis.ly.gov.tw/ttscgi/qrimg?@1011000;0188;0192
2012-03-27,08-01-YS-05,王廷升,debate,．就花東地區建設發展提出質詢。．就充實花蓮中南區醫療設備提出質詢。,http://lis.ly.gov.tw/ttscgi/qrimg?@1011000;0193;0195
2012-03-27,08-01-YS-05,張嘉郡,debate,．就重視傳統產業發展提出質詢。．就地下水造成地層塌陷提出質詢。．就肥料漲價及短缺提出質詢。．就豬價調節提出質詢。,http://lis.ly.gov.tw/ttscgi/qrimg?@1011000;0195;0198
2012-03-27,08-01-YS-05,廖國棟,debate,．就貧富差距提出質詢。．就政策說服力與執行提出質詢。．就城鄉均衡發展提出質詢。．就原住民政策提出質詢。,http://lis.ly.gov.tw/ttscgi/qrimg?@1011000;0198;0202
2012-03-27,08-01-YS-05,田秋堇,debate,．就電價調漲提出質詢。．就核能發電安全提出質詢。．就核電災變防救提出質詢。．就馬祖地區青年就業提出質詢。,http://lis.ly.gov.tw/ttscgi/qrimg?@1011000;0202;0206
2012-03-27,08-01-YS-05,潘維剛,debate,．就國家競爭力提出質詢。．就商業行政效率提出質詢。．就自由貿協定簽訂提出質詢。．就雲端科技發展提出質詢。,http://lis.ly.gov.tw/ttscgi/qrimg?@1011000;0206;0209
2012-03-27,08-01-YS-05,陳明文,debate,．就政府施政提出質詢。．就政府對疫情處理提出質詢。．就國家主權提出質詢。．就馬稠後的水電問題提出質詢。,http://lis.ly.gov.tw/ttscgi/qrimg?@1011000;0209;0216
2012-03-27,08-01-YS-05,陳歐珀,debate,．就宜蘭縣建設發展提出質詢。．就將宜蘭列為東部發展區域範圍提出質詢。,http://lis.ly.gov.tw/ttscgi/qrimg?@1011000;0216;0219
2012-03-27,08-01-YS-05,紀國棟,debate,．就政策說服力與執行提出質詢。．就社會貧富不均提出質詢。．就黨政溝通平台提出質詢。,http://lis.ly.gov.tw/ttscgi/qrimg?@1011000;0219;0223
2012-03-27,08-01-YS-05,李慶華,debate,．就物價調漲提出質詢。．就核能發電廠運作提出質詢。,http://lis.ly.gov.tw/ttscgi/qrimg?@1011000;0223;0226
2012-03-27,08-01-YS-05,邱議瑩,debate,書面質詢：．就水利法等相關法令不符民意提出質詢。,http://lis.ly.gov.tw/ttscgi/qrimg?@1011000;0226;0227
2012-03-27,08-01-YS-05,翁重鈞,debate,．就開放農產品進口提出質詢。．就農民利益及補助提出質詢。．就嘉義縣建設開發提出質詢。,http://lis.ly.gov.tw/ttscgi/qrimg?@1011000;0227;0230
2012-03-27,08-01-YS-05,翁重鈞,debate,李貴敏委員質詢（二）,
2012-03-27,08-01-YS-05,翁重鈞,debate,．就現行法令對員工激勵措施提出質詢。,http://lis.ly.gov.tw/ttscgi/qrimg?@1011000;0230;0233
2012-03-27,08-01-YS-05,翁重鈞,debate,林德福委員質詢（二）,
2012-03-27,08-01-YS-05,翁重鈞,debate,．就抑制通貨膨脹提出質詢。．就股市交易現況提出質詢。．就國家財政現況提出質詢。,http://lis.ly.gov.tw/ttscgi/qrimg?@1011000;0234;0237
2012-03-27,08-01-YS-05,翁重鈞,debate,黃偉哲委員改提書面質詢,
2012-03-27,08-01-YS-05,翁重鈞,debate,(,http://lis.ly.gov.tw/ttscgi/qrimg?@1011000;0237;0237
2012-03-27,08-01-YS-05,廖正井,debate,．就政府稅收提出質詢。．就稅制改革提出質詢。．就能源稅與產業政策關係提出質詢。,http://lis.ly.gov.tw/ttscgi/qrimg?@1011000;0237;0244
2012-03-23,08-01-YS-05,高金素梅,debate,．就原民會文化發展局組織提出質詢。．就原住民自治提出質詢。．就推事、首席檢察官、設治局長、警保處長、海關、鹽場巡緝隊官長、警長等名詞存廢提出質詢。,http://lis.ly.gov.tw/ttscgi/qrimg?@1011000;0022;0029
2012-03-23,08-01-YS-05,邱議瑩,debate,書面質詢：．就中資來台投資提出質詢。．就中國平潭實驗區反對台商投資提出質詢。,http://lis.ly.gov.tw/ttscgi/qrimg?@1011000;0029;0030
2012-03-23,08-01-YS-05,楊應雄,debate,．就就「一國兩區」提出質詢。．就金門建設發展提出質詢。．就金門縣政府在大陸設辦事處提出質詢。,http://lis.ly.gov.tw/ttscgi/qrimg?@1011000;0030;0034
2012-03-23,08-01-YS-05,吳秉叡,debate,．就國營事業價格合理化提出質詢。．就含瘦肉精之肉品進口提出質詢。,http://lis.ly.gov.tw/ttscgi/qrimg?@1011000;0034;0038
2012-03-23,08-01-YS-05,謝國樑,debate,．就不分區立法委員可否兼任官吏提出質詢。．就卸煤碼頭提出質詢。,http://lis.ly.gov.tw/ttscgi/qrimg?@1011000;0038;0040
2012-03-23,08-01-YS-05,孔文吉,debate,．就設立蘭嶼安寧返鄉專案提出質詢。．就協助翠巒部落遷村提出質詢。．就花蓮縣萬榮鄉紅葉村拒絕納入瑞穗溫泉風景區提出質詢。,http://lis.ly.gov.tw/ttscgi/qrimg?@1011000;0041;0044
2012-03-23,08-01-YS-05,鄭天財,debate,．就原住民族的生存發展提出質詢。．就核定延長「補辦增劃編原住民保留地實施計畫」辦理時間提出質詢。．就擴增第五期都市原住民發展計畫經費提出質詢。,http://lis.ly.gov.tw/ttscgi/qrimg?@1011000;0044;0047
2012-03-23,08-01-YS-05,李俊俋,debate,．就政府對疫情處理提出質詢。．就物價調漲提出質詢。．就國家主權提出質詢。．就自由貿易協定簽訂提出質詢。,http://lis.ly.gov.tw/ttscgi/qrimg?@1011000;0047;0058
2012-03-23,08-01-YS-05,黃文玲,debate,．就圖博新移民群居留權提出質詢。．就本勞與外勞基本工資提出質詢。．就兩岸關係提出質詢。,http://lis.ly.gov.tw/ttscgi/qrimg?@1011000;0058;0064
2012-03-23,08-01-YS-05,林正二,debate,．就兩岸關係提出質詢。．就原住民自治區試辦提出質詢。．就建立原住民族權利宣言提出質詢。,http://lis.ly.gov.tw/ttscgi/qrimg?@1011000;0064;0068
2012-03-23,08-01-YS-05,徐耀昌,debate,．就食品安全管理提出質詢。．就兩岸關係提出質詢。．就客家文化發展提出質詢。,http://lis.ly.gov.tw/ttscgi/qrimg?@1011000;0068;0071
2012-03-23,08-01-YS-05,林鴻池,debate,．就食品安全管理提出質詢。．就長期照護制度提出質詢。,http://lis.ly.gov.tw/ttscgi/qrimg?@1011000;0071;0074
2012-03-23,08-01-YS-05,林鴻池,debate,陳其邁委員質詢（一）,
2012-03-23,08-01-YS-05,林鴻池,debate,．就國家主權提出質詢。,http://lis.ly.gov.tw/ttscgi/qrimg?@1011000;0074;0079
2012-03-23,08-01-YS-05,鄭麗君,debate,．就臺灣前途提出質詢。．就學費調漲提出質詢。．就稅制合理化提出質詢。,http://lis.ly.gov.tw/ttscgi/qrimg?@1011000;0079;0084
2012-03-23,08-01-YS-05,陳雪生,debate,．就金馬離島自治區發展提出質詢。．就無法核認之榮民權益提出質詢。．就馬祖地區土地問題提出質詢。．就馬祖地區青年就業提出質詢。,http://lis.ly.gov.tw/ttscgi/qrimg?@1011000;0084;0087
2012-03-23,08-01-YS-05,詹凱臣,debate,．就食品安全管理提出質詢。．就僑委會預算及運作提出質詢。,http://lis.ly.gov.tw/ttscgi/qrimg?@1011000;0087;0091
2012-03-23,08-01-YS-05,陳鎮湘,debate,．就募兵制提出質詢。．就國防部與退輔會互動提出質詢。．就國軍精簡政策提出質詢。．就如何消除戰場遊將、遊校、遊士及遊兵提出質詢。．就軍官服役年限提出質詢。,http://lis.ly.gov.tw/ttscgi/qrimg?@1011000;0091;0096
2012-03-23,08-01-YS-05,陳唐山,debate,．就外交政策提出質詢。．就特赦前總統陳水扁提出質詢。書面質詢：．被「一中原則」框限的兩岸政策。．依附於兩岸政策的外交政策。．體認台灣主體性，審慎回應外在環境的變化。,http://lis.ly.gov.tw/ttscgi/qrimg?@1011000;0096;0107
2012-03-23,08-01-YS-05,林世嘉,debate,．就國家主權提出質詢。．就參與國際組織提出質詢。．就食品安全管理提出質詢。,http://lis.ly.gov.tw/ttscgi/qrimg?@1011000;0107;0112
2012-03-23,08-01-YS-05,林世嘉,debate,陳其邁委員質詢（二）,
2012-03-23,08-01-YS-05,林世嘉,debate,．就國家主權提出質詢。．就國防政策提出質詢。,http://lis.ly.gov.tw/ttscgi/qrimg?@1011000;0112;0118
2012-03-20,08-01-YS-04,楊瓊瓔,debate,．就食品安全管理提出質詢。．就物價學費調漲提出質詢。．就育兒津貼提出質詢。．就健保給付之器材使用提出質詢。．就自由經濟示範區提出質詢。,http://lis.ly.gov.tw/ttscgi/qrimg?@1010700;0100;0108
2012-03-20,08-01-YS-04,吳宜臻,debate,．就設置公式語言之翻譯人員提出質詢。．就客家文化發展提出質詢。．就疫情處理調查提出質詢。．就勞工環境與權益提出質詢。,http://lis.ly.gov.tw/ttscgi/qrimg?@1010700;0108;0116
2012-03-20,08-01-YS-04,林國正,debate,．就毒品氾濫提出質詢。．就校園吸食毒品提出質詢。．就查緝毒品工作提出質詢。,http://lis.ly.gov.tw/ttscgi/qrimg?@1010700;0117;0124
2012-03-20,08-01-YS-04,陳超明,debate,．就苗栗發展建設提出質詢。．就苗栗醫療建設提出質詢。．就自來水評比機制提出質詢。．就農村再生計畫提出質詢。．就勞工權益提出質詢。,http://lis.ly.gov.tw/ttscgi/qrimg?@1010700;0124;0132
2012-03-20,08-01-YS-04,盧秀燕,debate,．就食品標示提出質詢。．就政府施政提出質詢。．就立法院職權行使提出質詢。,http://lis.ly.gov.tw/ttscgi/qrimg?@1010700;0132;0140
2012-03-20,08-01-YS-04,高志鵬,debate,．就選票領取規劃提出質詢。．就政策宣導提出質詢。．就受刑人人權提出質詢。,http://lis.ly.gov.tw/ttscgi/qrimg?@1010700;0140;0150
2012-03-20,08-01-YS-04,趙天麟,debate,．就疫情處理調查提出質詢。．就基本工資提出質詢。．就學費調漲提出質詢。,http://lis.ly.gov.tw/ttscgi/qrimg?@1010700;0184;0192
2012-03-20,08-01-YS-04,陳碧涵,debate,．就失業率提出質詢。．就國人負責國債金額比例提出質詢。．就受薪階級稅負減輕提出質詢。．就文化建設提出質詢。．就人才斷層問題提出質詢。,http://lis.ly.gov.tw/ttscgi/qrimg?@1010700;0192;0198
2012-03-20,08-01-YS-04,馬文君,debate,．就政令宣導提出質詢。．就溫泉特定區規劃提出質詢。．就土地重測衍生問題提出質詢。．就實施全募兵制提出質詢。．就林業政策提出質詢。．就偏遠地區警力不足提出質詢。,http://lis.ly.gov.tw/ttscgi/qrimg?@1010700;0198;0205
2012-03-20,08-01-YS-04,李鴻鈞,debate,．就政策擬定說明提出質詢。．就促進產業升級提出質詢。．就強化防災體系提出質詢。,http://lis.ly.gov.tw/ttscgi/qrimg?@1010700;0205;0210
2012-03-20,08-01-YS-04,姚文智,debate,．就政府信任提出質詢。．就食品安全管理提出質詢。．就大學學費調漲提出質詢。．就核四預算提出質詢。,http://lis.ly.gov.tw/ttscgi/qrimg?@1010700;0210;0218
2012-03-20,08-01-YS-04,管碧玲,debate,．就施政滿意度提出質詢。．就民生物價調漲提出質詢。．就驗車費用提出質詢。．就身心障礙者提早退休提出質詢。．就兒童受虐提出質詢。,http://lis.ly.gov.tw/ttscgi/qrimg?@1010700;0218;0226
2012-03-16,08-01-YS-04,許智傑;邱志偉;蔡其昌,debate,．就食品安全管理提出質詢。．就物價學費調漲提出質詢。．就縣市合併及行政區劃提出質詢。．就「就學安定計畫」提出質詢。．就外交事務提出質詢。．就藝文表演空間提出質詢。．就農產品與自由貿易協定之影響提出質詢。,http://lis.ly.gov.tw/ttscgi/qrimg?@1010700;0020;0049
2012-03-16,08-01-YS-04,丁守中,debate,．就ecfa與兩岸經貿提出質詢。．就金融機構整併提出質詢。．就新政府與兩岸新局提出質詢。．就核能與綠能產業發展提出質詢。．就陸資來臺管制提出質詢。．就簽訂自由貿易協定提出質詢。．就無線寬頻上網提出質詢。,http://lis.ly.gov.tw/ttscgi/qrimg?@1010700;0050;0057
2012-03-16,08-01-YS-04,黃志雄,debate,．就食品安全管理提出質詢。．就油電價格調漲提出質詢。．就自由貿易協定提出質詢。．就體育發展提出質詢。．就國家競爭力提出質詢。．就捷運萬大線工程提出質詢。,http://lis.ly.gov.tw/ttscgi/qrimg?@1010700;0058;0065
2012-03-16,08-01-YS-04,王進士,debate,．就南北發展失衡提出質詢。．就南台灣建設發展提出質詢。．就ecfa對南臺灣農產品之影響提出質詢。．就觀光發展提出質詢。．就繳交學雜費衍生手續費問題提出質詢。,http://lis.ly.gov.tw/ttscgi/qrimg?@1010700;0065;0070
2012-03-16,08-01-YS-04,江惠貞,debate,．就政策執行提出質詢。．就文化建設提出質詢。．就住宅政策提出質詢。．就育兒補助提出質詢。．就疫苗注射補助提出質詢。,http://lis.ly.gov.tw/ttscgi/qrimg?@1010700;0070;0077
2012-03-16,08-01-YS-04,呂玉玲,debate,．就政府施政滿意度提出質詢。．就食品安全管理提出質詢。．就河川污染處理提出質詢。．就客家文化推廣提出質詢。,http://lis.ly.gov.tw/ttscgi/qrimg?@1010700;0077;0084
2012-03-16,08-01-YS-04,孫大千,debate,．就食品安全管理提出質詢。．就提升國內出生率提出質詢。．就疫苗注射補助提出質詢。．就大學畢業生就業提出質詢。．就外勞薪資問題提出質詢。．就dram產業紓困提出質詢。,http://lis.ly.gov.tw/ttscgi/qrimg?@1010700;0084;0091
2012-03-16,08-01-YS-04,王惠美,debate,．就肥料漲價提出質詢。．就校園營養午餐問題提出質詢。．就有關電費調漲提出質詢。,http://lis.ly.gov.tw/ttscgi/qrimg?@1010700;0091;0099
2012-03-13,08-01-YS-03,王育敏,debate,．就兒童少年網路安全提出質詢。．就兒童受虐問題提出質詢。．就育兒補助措施提出質詢。．就兒童局組織設置機制提出質詢。,http://lis.ly.gov.tw/ttscgi/qrimg?@1010400;0096;0104
2012-03-13,08-01-YS-03,劉建國,debate,．就食品安全衛生提出質詢。．就食品標示提出質詢。,http://lis.ly.gov.tw/ttscgi/qrimg?@1010400;0104;0113
2012-03-13,08-01-YS-03,林郁方,debate,．就食品安全衛生提出質詢。．就美國對政府施壓提出質詢。．就軍事採購案提出質詢。,http://lis.ly.gov.tw/ttscgi/qrimg?@1010400;0113;0118
2012-03-13,08-01-YS-03,楊麗環,debate,．就食品安全衛生提出質詢。．就毒品管制提出質詢。．就調整油價提出質詢。．就生育補助提出質詢。．就居住正義提出質詢。．就航空城開發提出質詢。,http://lis.ly.gov.tw/ttscgi/qrimg?@1010400;0118;0125
2012-03-13,08-01-YS-03,盧嘉辰,debate,．就油電費用調整提出質詢。。．就公園設置不足提出質詢。。．就國民運動中心設置提出質詢。。．就勞工權益提出質詢。。．就行政效率提出質詢。,http://lis.ly.gov.tw/ttscgi/qrimg?@1010400;0126;0130
2012-03-13,08-01-YS-03,何欣純,debate,．就物價調漲提出質詢。．就農地污染提出質詢。．就食品安全衛生提出質詢。,http://lis.ly.gov.tw/ttscgi/qrimg?@1010400;0157;0164
2012-03-13,08-01-YS-03,許添財,debate,．就國民生產毛額提出質詢。．就台商在大陸投資提出質詢。．就基本工資提出質詢。,http://lis.ly.gov.tw/ttscgi/qrimg?@1010400;0164;0170
2012-03-13,08-01-YS-03,邱文彥,debate,．就跨部會之整合提出質詢。．就國家永續發展委員會運作提出質詢。．就國土規劃提出質詢。．就海岸地區發展提出質詢。,http://lis.ly.gov.tw/ttscgi/qrimg?@1010400;0170;0175
2012-03-13,08-01-YS-03,羅淑蕾,debate,．就國家主權尊嚴提出質詢。．就食品安全衛生提出質詢。．就投資貿易協定提出質詢。,http://lis.ly.gov.tw/ttscgi/qrimg?@1010400;0175;0183
2012-03-13,08-01-YS-03,蘇清泉,debate,．就飼料原料關稅調整提出質詢。．就農產品之生產履歷提出質詢。．就電子病歷提出質詢。．就生育補助提出質詢。．就軍民關係提出質詢。,http://lis.ly.gov.tw/ttscgi/qrimg?@1010400;0183;0188
2012-03-13,08-01-YS-03,魏明谷,debate,．就國民旅遊卡提出質詢。．就高鐵學生優惠方案提出質詢。．就雞農輔導補助提出質詢。．就食品安全衛生提出質詢。．就警察人事案提出質詢。,http://lis.ly.gov.tw/ttscgi/qrimg?@1010400;0188;0195
2012-03-13,08-01-YS-03,林岱樺,debate,．就高雄自由經濟示範區提出質詢。．就南台灣成為經貿中心提出質詢。．就豬肉牛肉進口數量提出質詢。,http://lis.ly.gov.tw/ttscgi/qrimg?@1010400;0196;0202
2012-03-09,08-01-YS-03,蕭美琴,debate,．就食品安全衛生提出質詢。．就禽流感疫情提出質詢。．就花東地區發展提出質詢的問題。,http://lis.ly.gov.tw/ttscgi/qrimg?@1010400;0024;0032
2012-03-09,08-01-YS-03,陳根德,debate,．就瘦肉精提出質詢。．就禽流感及流感疫情提出質詢。．就藥物管理提出質詢。．就山坡地回饋金提出質詢。．就航空城建設提出質詢。,http://lis.ly.gov.tw/ttscgi/qrimg?@1010400;0032;0037
2012-03-09,08-01-YS-03,尤美女,debate,．就食品安全衛生提出質詢。．就調查局組織定位問題提出質詢。．就性別議題提出質詢。,http://lis.ly.gov.tw/ttscgi/qrimg?@1010400;0038;0044
2012-03-09,08-01-YS-03,蔡煌瑯,debate,．就食品安全衛生提出質詢。．就禽流感疫情提出質詢。．就受刑人人權提出質詢。,http://lis.ly.gov.tw/ttscgi/qrimg?@1010400;0044;0054
2012-03-09,08-01-YS-03,陳學聖,debate,．就政府資訊透明化提出質詢。．就受刑人人權提出質詢。．就多元文化發展提出質詢。,http://lis.ly.gov.tw/ttscgi/qrimg?@1010400;0054;0061
2012-03-09,08-01-YS-03,賴士葆,debate,．就食品安全衛生提出質詢。．就數位公民權提出質詢。．就網路頻寬及費用提出質詢。．就科技產業提出質詢。,http://lis.ly.gov.tw/ttscgi/qrimg?@1010400;0061;0069
2012-03-09,08-01-YS-03,徐欣瑩,debate,．就食品安全衛生提出質詢。．就社會治安提出質詢。．就毒品危害提出質詢。．就稅制改革提出質詢。．就醫療資源分配提出質詢。,http://lis.ly.gov.tw/ttscgi/qrimg?@1010400;0069;0076
2012-03-09,08-01-YS-03,薛凌,debate,．就經濟情勢提出質詢。．就失業率提出質詢。．就外交經貿提出質詢。．就青年就業提出質詢。．就住宅政策提出質詢。,http://lis.ly.gov.tw/ttscgi/qrimg?@1010400;0076;0083
2012-03-09,08-01-YS-03,吳育昇,debate,．就受刑人人權提出質詢。．就死刑問題提出質詢。．就電子病歷提出質詢。．就幼兒托育提出質詢。．就社會住宅提出質詢。．就飛機之機堡提出質詢。．就食品安全衛生提出質詢。,http://lis.ly.gov.tw/ttscgi/qrimg?@1010400;0083;0090
2012-03-09,08-01-YS-03,徐少萍,debate,．就食品安全衛生提出質詢。．就港務局員工退休問題提出質詢。．就住宅政策提出質詢。,http://lis.ly.gov.tw/ttscgi/qrimg?@1010400;0090;0095
2012-03-02,08-01-YS-02,許忠信,debate,．就ecfa簽訂對經貿及農產品之影響提出質詢．就「九二共識」提出質詢．就美國牛肉瘦肉精問題提出質詢,http://lis.ly.gov.tw/ttscgi/qrimg?@1010300;0026;0032
2012-03-02,08-01-YS-02,李桐豪,debate,．就美國牛肉瘦肉精提出質詢．就國債問題提出質詢,http://lis.ly.gov.tw/ttscgi/qrimg?@1010300;0032;0038
2012-03-02,08-01-YS-02,柯建銘,debate,．就內閣施政提出質詢．就「九二共識」提出質詢．就立法機關與行政機關之溝通提出質詢,http://lis.ly.gov.tw/ttscgi/qrimg?@1010300;0038;0043
2012-03-02,08-01-YS-02,蔣乃辛,debate,．就美國牛肉瘦肉精提出質詢．就國民均富、物價問題提出質詢．就體育政策提出質詢,http://lis.ly.gov.tw/ttscgi/qrimg?@1010300;0044;0050
2012-03-02,08-01-YS-02,潘孟安,debate,．就食品安全管理提出質詢．就瘦肉精提出質詢．就稅制改革提出質詢,http://lis.ly.gov.tw/ttscgi/qrimg?@1010300;0050;0058
2012-03-02,08-01-YS-02,費鴻泰,debate,．就瘦肉精提出質詢．就稅制提出質詢,http://lis.ly.gov.tw/ttscgi/qrimg?@1010300;0058;0064
2012-03-02,08-01-YS-02,江啟臣,debate,．就房價問題提出質詢．就ecfa與經貿關係提出質詢,http://lis.ly.gov.tw/ttscgi/qrimg?@1010300;0064;0071
2012-03-02,08-01-YS-02,陳亭妃,debate,．就受刑人人權問題提出質詢．就瘦肉精提出質詢,http://lis.ly.gov.tw/ttscgi/qrimg?@1010300;0071;0081
2012-03-02,08-01-YS-02,林滄敏,debate,．就瘦肉精提出質詢．就奢侈稅問題提出質詢．就觀光發展提出質詢,http://lis.ly.gov.tw/ttscgi/qrimg?@1010300;0081;0088
2012-03-02,08-01-YS-02,張慶忠,debate,．就大眾捷運系統中永和線與淡水線分流一案提出質詢．就觀光發展提出質詢．就出生人口數提出質詢．就社會住宅提出質詢．書面質詢,http://lis.ly.gov.tw/ttscgi/qrimg?@1010300;0088;0099
2012-02-24,08-01-YS-01,行政院院長陳冲報告,report,(,http://lis.ly.gov.tw/ttscgi/qrimg?@1010201;0034;0291
